vCar,NGear,gLong,gLat,sRun,tRun,aSteerNeutral,xCar,yCar,gSum,rPedal
0,1,0,11.2890005112,0,0,4.644462470755825,-166.9385986328,26.7820186615,11.2890005112,100
14.561159501112398,1,4.8449001312,14.0496606827,0.9991776943,0.2366265655,6.118466809513311,-166.0423278809,26.7555389404,14.8615617752,100
15.841486273930979,1,0.7544852495,17.8706912994,1.9983553886,0.4636558592,7.128930971495815,-165.0445251465,26.8162555695,17.8866100311,100
15.846376902778475,1,1.5930937529,15.4748468399,2.997533083,0.6745790243,6.180814059968008,-164.055847168,26.961523056,15.5566329956,100
18.261178475617218,1,5.9673666954,12.7948675156,3.9967107773,0.8461534977,4.837170705958825,-163.0802307129,27.1766967773,14.1180057526,100
23.668567605425913,1,10.0953359604,9.91822052,4.9958882332,0.9820636511,3.4241415957310823,-162.1180877686,27.4455356598,14.1522760391,100
29.263997890041686,1,11.450633049,6.3395066261,5.9950661659,1.0958498716,2.005212274991063,-161.167175293,27.7517242432,13.0884046555,100
33.96046057895153,1,11.2291288376,2.0612895489,6.9942436218,1.1959320307,0.6034305096282324,-160.2234344482,28.0795211792,11.4167528152,100
37.92123469281224,1,10.7877368927,-2.8675093651,7.9934215546,1.2866532803,-0.783119447770787,-159.2818908691,28.4137763977,11.1623420715,100
41.377389993808,1,9.2567062378,-8.4387702942,8.9925985336,1.37112391,-2.1637040378970678,-158.3373565674,28.7396221161,12.5259504318,100
43.78917891229687,1,5.3333187103,-13.9795465469,9.9917764664,1.4525233507,-3.4706413091274313,-157.3850860596,29.0420665741,14.9623527527,100
44.59080256895794,1,1.8502111435,-17.3161907196,10.9909543991,1.5329390764,-4.296327298377488,-156.4214782715,29.3057441711,17.4147548676,100
44.87012630481895,1,0.5351880193,-17.4377784729,11.9901323318,1.6130774021,-4.279756407832365,-155.4454193115,29.518081665,17.4459896088,100
44.90056870918502,1,2.2828338146,-15.2208395004,12.9893093109,1.6920728683,-3.7350057031079764,-154.4599914551,29.6813831329,15.3910779953,100
46.16895987587209,1,6.7855949402,-13.2836847305,13.9884872437,1.7679386139,-3.107625506077074,-153.4684906006,29.8026123047,14.9164533615,100
48.657337172850255,1,9.1838960648,-11.2376775742,14.9876651764,1.8400822878,-2.504128991710843,-152.4732666016,29.8887062073,14.5130748749,100
51.061469999783995,1,9.1198453903,-9.0335979462,15.9868431091,1.9090224504,-1.9244367480588773,-151.4759216309,29.946428299,12.8365678787,100
53.29089631684295,1,8.8645343781,-6.6745033264,16.9860210419,1.9752258062,-1.3634580508410177,-150.477432251,29.9823169708,11.0963487625,100
55.375378749576996,1,8.6367454529,-4.1377468109,17.9851970673,2.0390539169,-0.8126803973400707,-149.4784088135,30.0027141571,9.5767593384,100
57.33480253619796,1,8.4229335785,-1.3796198368,18.984375,2.1007957458,-0.26113496893449234,-148.4791259766,30.0138549805,8.5351724625,100
59.18376231487014,1,8.2166929245,1.5832651854,19.9835529327,2.1606879234,0.2894217176631846,-147.479675293,30.0219841003,8.3678417206,100
60.93342293306165,1,8.0181016922,4.2000322342,20.9827308655,2.2189264297,0.742918660486768,-146.4801330566,30.033498764,9.0515317917,100
62.594197361202106,1,6.671394825,5.7334413528,21.9819087982,2.2758865356,0.9830804405755612,-145.4807281494,30.0544509888,8.796582222,100
63.705903014637585,1,8.0104703903,6.2804894447,22.981086731,2.3314259052,1.0645592617421142,-144.4817352295,30.0870113373,10.1790065765,100
65.8251777476978,1,10.4198455811,6.1632876396,23.9802646637,2.3852596283,1.1026081112208692,-143.4833526611,30.1317138672,12.1061677933,100
67.80974647236282,1,10.0452671051,5.970181942,24.9794425964,2.4375896454,1.1297096623728655,-142.4857330322,30.1889801025,11.6854810715,100
69.66542507217993,1,9.6997499466,5.7068109512,25.9786186218,2.4885811806,1.145249618498054,-141.489074707,30.2591094971,11.2540149689,100
71.4183609864712,1,2.588799715,5.3816838264,26.9777965546,2.5392296314,1.1488635383316859,-140.4935302734,30.3422603607,5.971968174,100
70.62127605317916,1,-8.6145982742,5.0062160492,27.9769744873,2.5910434723,1.140720140755693,-139.4992980957,30.4384555817,9.9636087418,0
68.22294194248643,1,-12.7936992645,4.5933713913,28.97615242,2.6447365284,1.1215230408608081,-138.5065307617,30.5475769043,13.5932998657,0
65.7623428673257,1,-12.6366014481,4.1572318077,29.9753303528,2.7005016804,1.0924078639152919,-137.5153503418,30.66938591,13.3028669357,0
63.24419607816313,1,-12.4739179611,3.5885636806,30.9745082855,2.7585675716,1.0195674185639452,-136.525894165,30.80352211,12.9798469543,0
60.65121872142502,1,-12.3102388382,2.3276853561,31.9736862183,2.8192074299,0.7191171055924511,-135.5382232666,30.9495353699,12.5283718109,0
57.98440643247485,1,-12.0069532394,0.1338531375,32.9728622437,2.8827195168,0.04524565775183407,-134.5518951416,31.1053562164,12.0076999664,0
55.28691484638812,1,-11.5034732819,-2.2890820503,33.9720420837,2.9494035244,-0.8510349541799954,-133.5653381348,31.2621231079,11.7290143967,0
52.59603221817422,1,-10.8561286926,-4.4050045013,34.9712181091,3.0195627213,-1.8090453972464893,-132.5769500732,31.4094200134,11.7157840729,0
49.94321718638625,1,-10.1019496918,-6.2550435066,35.9703941345,3.0934963226,-2.84749497799407,-131.5854644775,31.5365715027,11.8817062378,0
47.36126048139161,1,-9.229352951,-7.9700303078,36.9695739746,3.1714689732,-4.031146055657158,-130.5901031494,31.6318950653,12.1943569183,0
44.902889569008344,1,-8.1807184219,-9.6489372253,37.96875,3.2536334991,-5.421905763160122,-129.5912475586,31.6819190979,12.6501436234,0
42.65383893900885,1,-6.836725235,-11.3620271683,38.9679298401,3.3398694992,-7.06055352359386,-128.5911560059,31.6707019806,13.2603349686,0
40.769420814463345,1,-4.9636926651,-13.1580152512,39.9671058655,3.4294652939,-8.92229745889264,-127.5952911377,31.5794353485,14.063129425,0
39.52523388281289,1,-1.4503891468,-14.9171295166,40.9662857056,3.5201134682,-10.721379532611417,-126.6143722534,31.3871326447,14.9874744415,0
39.83741357990913,1,0.4783126116,-17.5414581299,41.965461731,3.6104063988,-11.4864025496005,-125.6661071777,31.0735549927,17.5479793549,100
39.83741357990913,1,0.6432514191,-15.9362621307,42.9646377563,3.70023036,-10.45968509903787,-124.7720413208,30.6303253174,15.9492387772,100
40.25342429458056,1,3.7241950035,-13.1541252136,43.9638175964,3.7874920368,-8.344139017528663,-123.9392166138,30.0810432434,13.6711606979,100
42.18913136389491,1,8.6103582382,-11.0947151184,44.9629936218,3.8695728779,-6.182487451963624,-123.1622772217,29.4552516937,14.0438947678,100
45.456915920267264,1,12.0634317398,-8.9030408859,45.9621734619,3.9457044601,-4.293999915165776,-122.4306335449,28.776714325,14.9930152893,100
49.038510955511235,1,13.1945524216,-6.3787631989,46.9613494873,4.0165982246,-2.674422682520401,-121.7322845459,28.0635299683,14.6555395126,100
52.43828240537407,1,12.9225358963,-3.3529372215,47.9605293274,4.0832819939,-1.2523833812458796,-121.0553436279,27.3295307159,13.350435257,100
55.44481915414467,1,12.2048797607,0.1735794395,48.9597053528,4.1466107368,0.058753613327013184,-120.3884963989,26.5859088898,12.2061138153,100
58.15456391938886,1,7.6408395767,4.3243670464,49.9588851929,4.2080664635,1.3432613916950593,-119.7208709717,25.8425235748,8.779668808,100
58.90587710005831,1,-1.3976781368,8.3356151581,50.9580612183,4.2698531151,2.679657597359283,-119.041847229,25.1091251373,8.4519805908,0
57.52874883792092,1,-5.9832963943,11.9194030762,51.9572372437,4.3331017494,4.085770069946188,-118.3408203125,24.3963985443,13.3368663788,0
56.213737911569666,1,-4.6132626534,14.7243976593,52.9564170837,4.3975491524,5.27984679078188,-117.6071929932,23.7171077728,15.4301671982,0
55.41301719286624,1,-2.5135188103,16.0332584381,53.9555931091,4.462679863,5.911974395782099,-116.8322982788,23.0854301453,16.2290840149,0
55.043533540813165,1,-0.7879149318,16.3624343872,54.9547729492,4.5280284882,6.11287416847504,-116.0159912109,22.508556366,16.3813934326,0
55.043533540813165,1,0.3939574659,16.5443687439,55.9539489746,4.5932679176,6.180072555178285,-115.1614303589,21.9903736115,16.5490589142,100
55.22858435729251,1,0.3969580233,16.8019142151,56.9531288147,4.6583971977,6.192762195241724,-114.2724761963,21.5340938568,16.806602478,100
55.22999197920641,1,0.374705106,16.6892700195,57.9523048401,4.7234230042,6.151262816303774,-113.3535385132,21.1420974731,16.6934757233,100
55.40401871098503,1,1.2718442678,16.6429138184,58.9514808655,4.78810215,6.059026236978671,-112.4094161987,20.8158721924,16.6914405823,100
55.82320515843587,1,2.1634633541,16.5531425476,59.9506607056,4.8522033691,5.922650834040788,-111.4450683594,20.5559558868,16.6939258575,100
56.40626629178696,1,1.9684221745,16.4540863037,60.949836731,4.9157915115,5.750534335301801,-110.465461731,20.3620128632,16.5714092255,100
56.729085552491554,1,-1.7046613693,15.9023733139,61.949016571,4.9798259735,5.564525237231028,-109.4753341675,20.2329158783,15.993478775,0
55.618073410061264,1,-5.5630831718,14.8441104889,62.9481925964,5.0453767776,5.436609876994617,-108.4791030884,20.1668872833,15.8523035049,0
54.12981166147066,1,-6.4513354301,14.095000267,63.9473724365,5.1128268242,5.449973997244908,-107.4805679321,20.1622390747,15.501250267,0
52.52816766374586,1,-6.6091661453,13.6738624573,64.9465484619,5.1824035645,5.613431098347185,-106.4834060669,20.2193317413,15.1873493195,0
50.86943600429119,1,-6.5417785645,13.4846553802,65.9457244873,5.2542963028,5.900632014407709,-105.4917144775,20.3399295807,14.9876880646,0
49.19717400586079,1,-6.3094587326,13.4831504822,66.9449005127,5.3286571503,6.304647519902881,-104.5101852417,20.5268135071,14.886390686,0
47.54878321969342,1,-5.931391716,13.6422615051,67.9440841675,5.4055843353,6.8241606770701715,-103.5444793701,20.783662796,14.8759098053,0
45.96881660318672,1,-5.4044947624,13.9372348785,68.9432601929,5.4850974083,7.452237550672907,-102.6016159058,21.1148281097,14.9484148026,0
44.5078489916408,1,-4.7330231667,14.337685585,69.9424362183,5.5671019554,8.168399958752492,-101.6903762817,21.5249595642,15.0986995697,0
43.22006697110642,1,-3.4037423134,14.7988853455,70.9416122437,5.6510453224,8.928857854294778,-100.8215637207,22.0183677673,15.1852712631,0
42.481099667000265,1,-0.6279296279,15.4891281128,71.940788269,5.7353610992,9.658709667953683,-100.0080871582,22.5980434418,15.5018510818,0
42.84214445240443,1,0.5976861119,17.2831878662,72.9399719238,5.819319725,10.071014039279452,-99.2644348145,23.2643413544,17.2935199738,100
42.84393316245347,1,0.5178613663,16.1054725647,73.9391479492,5.9029736519,9.39688802629046,-98.6053390503,24.0136966705,16.1137962341,100
43.154063224589414,1,3.6076612473,12.8633756638,74.9383239746,5.9846076965,7.329740669493783,-98.0361862183,24.8332862854,13.359703064,100
44.97187678793856,1,5.833325386,9.3879432678,75.9375,6.0632352829,4.729259691584438,-97.5376815796,25.698059082,11.0526542664,100
46.52336480462815,1,-0.7055532932,4.5813531876,76.9366836548,6.1422157288,2.2952758944608664,-97.0855178833,26.5885105133,4.6353645325,0
44.5637041255967,1,-8.5976305008,-0.0339289606,77.9358596802,6.2258424759,-0.019415551513434492,-96.6561965942,27.4908370972,8.597697258,0
41.46190568835545,1,-9.828836441,-3.6950964928,78.9350357056,6.315890789,-2.4411593429328726,-96.2266921997,28.3937206268,10.5004653931,0
38.429372561541946,1,-8.7059869766,-6.8125863075,79.934211731,6.4130549431,-5.227530959888846,-95.7729492188,29.2852058411,11.0546617508,0
35.610997130802296,1,-7.1751251221,-9.6574392319,80.9333877563,6.5175366402,-8.588664914010565,-95.2682189941,30.1491336823,12.0311498642,0
33.244018662385066,1,-3.146463871,-12.2833442688,81.9325714111,6.6257376671,-12.429759253281846,-94.6827087402,30.9600563049,12.679936409,0
33.244018662385066,1,0.8172587156,-15.5247898102,82.9317474365,6.7329220772,-15.564880969569781,-93.9878540039,31.6777667999,15.5462856293,100
33.87471922290462,1,0.8172587156,-17.027015686,83.9309234619,6.8391084671,-15.841780253442879,-93.1708602905,32.2485046387,17.0466175079,100
33.87471922290462,1,2.0291028023,-13.8341617584,84.9300994873,6.9429688454,-12.982666482045312,-92.2578201294,32.6460456848,13.9821777344,100
35.392067252266195,1,6.9215097427,-11.5796117783,85.9292755127,7.0399246216,-9.313763773468693,-91.2953872681,32.9040565491,13.4905414581,100
38.807370611063504,1,11.1151332855,-9.6281080246,86.9284591675,7.1281237602,-6.420115286096405,-90.3105697632,33.0611801147,14.705327034,100
42.75900204767836,1,13.2687091827,-7.6423020363,87.9276351929,7.208422184,-4.238629273844334,-89.3161239624,33.1478538513,15.3121986389,100
46.83262969385624,1,14.1225671768,-5.4478983879,88.9268112183,7.2822623253,-2.548977503766982,-88.3176651001,33.1874771118,15.1369247437,100
50.59489131716694,1,13.6458978653,-3.5550291538,89.9259872437,7.3511400223,-1.4536915754439226,-87.3173904419,33.199432373,14.1013746262,100
53.85271952170438,1,12.7604522705,-2.7998394966,90.9251708984,7.4161829948,-1.0236381003518553,-86.3168640137,33.1976928711,13.0640058517,100
56.75209159184672,1,12.0755462646,-2.7261333466,91.9243469238,7.4781317711,-0.9057592819197969,-85.3168029785,33.1846542358,12.3794441223,100
59.37673014745587,1,11.5109624863,-2.5964272022,92.9235229492,7.5375089645,-0.7936098179855064,-84.3173370361,33.1611824036,11.8001565933,100
61.782171033343175,1,11.0313081741,-2.3392164707,93.9226989746,7.5947003365,-0.6640340317883845,-83.3185348511,33.1285858154,11.2765989304,100
64.00771780630575,1,10.6156616211,-2.1715240479,94.921875,7.650001049,-0.5768561140252241,-82.3204193115,33.0885505676,10.8354873657,100
66.08251854502515,1,10.2324476242,-2.2761290073,95.9210586548,7.703646183,-0.5693366617585508,-81.3226623535,33.0423316956,10.482544899,100
68.02206396006883,1,9.8534402847,-2.5553848743,96.9202346802,7.7558302879,-0.605207853356618,-80.3251724243,32.9897003174,10.1794042587,100
69.83752576445937,1,9.4932508469,-2.8720495701,97.9194107056,7.8067140579,-0.6470751514131324,-79.3280181885,32.9301872253,9.9181900024,100
71.54526670794664,1,9.1802310944,-3.2079548836,98.918586731,7.8564281464,-0.6902636156607052,-78.3312835693,32.8633270264,9.7245883942,100
73.16277563737948,1,8.917175293,-3.5657675266,99.9177703857,7.9050807953,-0.7351132507141228,-77.3350524902,32.7886276245,9.603682518,100
74.70349019432783,1,8.685336113,-3.9478263855,100.9169464111,7.9527621269,-0.7819681349180951,-76.3394470215,32.7055854797,9.5404615402,100
76.175244998524,1,8.4690103531,-4.3567709923,101.9161224365,7.9995498657,-0.8311833817844665,-75.3445663452,32.6136741638,9.5239477158,100
77.58403445989242,1,8.261590004,-4.7950878143,102.9152984619,8.0455131531,-0.8830696604889124,-74.3505630493,32.512348175,9.552315712,100
78.93412264362188,1,5.0272488594,-5.1516795158,103.9144744873,8.0909938812,-0.917789275673702,-73.3575820923,32.4010238647,7.1981267929,100
79.24443809984952,1,-5.9761743546,-4.7826781273,104.9136581421,8.137052536,-0.8655197053930475,-72.365814209,32.279094696,7.6543235779,0
76.94833855740914,1,-13.8246898651,-3.5822775364,105.9128341675,8.1845264435,-0.6876332982035526,-71.3753585815,32.1468353271,14.2812738419,0
74.58954146368683,1,-13.7323474884,-2.1744673252,106.9120101929,8.233543396,-0.4442222687289945,-70.3859863281,32.006729126,13.9034414291,0
72.17858681897053,1,-13.5595188141,-0.876942873,107.9111862183,8.2842407227,-0.19131950582874024,-69.3973312378,31.8616104126,13.587846756,0
69.72268439509247,1,-13.3306646347,0.2722641528,108.9103622437,8.336771965,0.06365643036868149,-68.4090042114,31.7143325806,13.3334445953,0
67.2254116128707,1,-13.0512313843,1.275010705,109.9095458984,8.3913059235,0.32065355540251855,-67.4205627441,31.5677661896,13.1133623123,0
64.69338772904982,1,-12.7079362869,2.1343662739,110.9087219238,8.4480285645,0.5795902686235884,-66.431602478,31.4248065948,12.8859291077,0
62.13709781228174,1,-12.3280172348,2.8547022343,111.9078979492,8.5071458817,0.8402475798330139,-65.4417266846,31.2883777618,12.6542215347,0
59.55398067701545,1,-11.9532489777,3.4399027824,112.9070739746,8.5689020157,1.102157101762854,-64.450592041,31.1614303589,12.4383716583,0
56.93745139823888,1,-11.5679702759,3.8938875198,113.9062576294,8.6335802078,1.364805200668085,-63.4579658508,31.0469398499,12.205748558,0
54.29076467286826,1,-11.0623826981,4.480758667,114.9054336548,8.7014799118,1.7271319016486602,-62.4636955261,30.9479026794,11.9353885651,0
51.66112734161812,1,-10.2049837112,5.9572367668,115.9046096802,8.7728185654,2.5350119038825203,-61.4677886963,30.8673324585,11.816529274,0
49.18228067665545,1,-8.8262329102,8.5004310608,116.9037857056,8.8475933075,3.9870588956487674,-60.4700279236,30.8127555847,12.2539672852,0
47.0286839958528,1,-6.8416457176,11.3117733002,117.902961731,8.9253959656,5.7920482272607,-59.4707984924,30.8030204773,13.2198457718,0
45.43696888414489,1,-2.0624775887,13.9147024155,118.9021453857,9.0041780472,7.612247537144451,-58.4733009338,30.8593578339,14.0667247772,0
45.87882148190281,1,0.7819372416,17.8623123169,119.9013214111,9.0825796127,8.783068319334971,-57.485042572,31.0027961731,17.8794193268,100
45.88050032867973,1,1.9757786989,15.9682359695,120.9004974365,9.1600503922,7.864243095860629,-56.5185623169,31.2511940002,16.0900039673,100
46.98091410586871,1,-3.229316473,8.842171669,121.8996734619,9.2391052246,4.522125668255082,-55.581703186,31.595495224,9.4134206772,0
44.019888184809446,1,-10.0453109741,0.3503452837,122.8988494873,9.3236503601,0.20546349612271614,-54.6631202698,31.9880084991,10.0514192581,0
41.07172312422149,1,-8.3667678833,-6.3943586349,123.8980331421,9.4137363434,-4.299449975656731,-53.7448348999,32.3831634521,10.530462265,0
38.78626657834673,1,-5.1598935127,-11.7542152405,124.8972091675,9.5078210831,-8.80812145469613,-52.8085021973,32.7345695496,12.8369026184,0
37.67781905514475,1,-1.3583236933,-15.0824022293,125.8963851929,9.6030483246,-11.89659809819509,-51.84116745,32.9863586426,15.1434440613,0
37.86841796254563,1,0.277990222,-17.2066116333,126.8955612183,9.6980361938,-12.54593052570412,-50.84815979,33.0917129517,17.2088565826,100
37.86841796254563,1,0.2069338709,-16.0224971771,127.894744873,9.7928466797,-11.707537610253945,-49.851108551,33.0495109558,16.0238342285,100
38.0096779968176,1,2.17937994,-14.5447778702,128.8939208984,9.8858652115,-10.509801614245559,-48.8693084717,32.8727874756,14.7071504593,100
39.33069019972783,1,4.2039556503,-14.3143310547,129.8930969238,9.9756746292,-9.277767820310737,-47.91614151,32.5789718628,14.9188909531,100
40.77363338133329,1,-0.0869661421,-12.283873558,130.8922729492,10.0655469894,-7.767995485383664,-46.9994926453,32.185836792,12.2841806412,100
39.27337937849649,1,-7.3844218254,-6.890086174,131.8914489746,10.161403656,-5.0631949014217925,-46.1230278015,31.7094078064,10.0996522903,0
35.7770347482522,1,-9.8196706772,-0.8768540621,132.890625,10.2673091888,-0.7784279089160732,-45.277721405,31.1771831512,9.8587417603,0
32.15223257889394,1,-8.687087059,4.3966927528,133.8898010254,10.3853178024,4.8215884827370905,-44.4366340637,30.6353263855,9.7363443375,0
28.810218269625377,1,-5.9225792885,9.185051918,134.8889923096,10.5143060684,12.377780659617448,-43.5687942505,30.1348743439,10.9289579391,0
26.96280000863999,1,-0.963360548,13.6036214828,135.888168335,10.6453609467,20.35684948235511,-42.6426353455,29.7537441254,13.6376895905,0
27.930792589045925,1,1.0287790298,19.7830085754,136.8873443604,10.7741384506,22.73171991741126,-41.6548995972,29.624961853,19.8097400665,100
27.933503120117503,1,1.5412909985,14.6142015457,137.8865203857,10.8997802734,17.19447018704841,-40.6782722473,29.8081493378,14.6952533722,100
29.325140190367843,1,6.5312848091,8.6222810745,138.8856964111,11.0143890381,8.86897075283208,-39.7554702759,30.1803684235,10.8167190552,100
33.44522966793626,1,10.8734588623,2.9776482582,139.8848724365,11.1154718399,2.3258444017720437,-38.8697509766,30.6373748779,11.2737960815,100
37.725049928720054,1,6.0254540443,-3.6306855679,140.8840484619,11.2106952667,-2.4180965655491757,-37.9932823181,31.1148872375,7.0347690582,100
37.824404020836774,1,-3.1748864651,-7.5185046196,141.8832244873,11.308836937,-5.797338633062041,-37.1010932922,31.5646038055,8.1613607407,0
35.47857078386337,1,-6.8033246994,-9.534658432,142.8824005127,11.4141426086,-8.543630064620292,-36.1793861389,31.9522380829,11.7130241394,0
32.83735318563745,1,-6.1555051804,-11.2871589661,143.8815765381,11.5274448395,-11.727712279279727,-35.2243919373,32.250164032,12.8565235138,0
30.657633097293516,1,-2.6483957767,-13.2179117203,144.8807678223,11.6447353363,-15.581857405371874,-34.2386322021,32.4191894531,13.4806232452,0
30.67754923428061,1,0.0235839244,-17.7398891449,145.8799438477,11.7619886398,-18.02915345860612,-33.240032196,32.4069480896,17.7399044037,100
30.67754923428061,1,0.5900629759,-15.6637735367,146.879119873,11.8783044815,-16.034166188426962,-32.2735977173,32.1659049988,15.6748838425,100
31.171713877988893,1,4.3297262192,-10.2437057495,147.8782958984,11.9884586334,-10.08654759546607,-31.3750801086,31.7356929779,11.1211528778,100
34.13766647646681,1,8.0886964798,-4.6340136528,148.8774719238,12.0891752243,-3.581302114118413,-30.5290164948,31.2073841095,9.3220758438,100
37.2913958718833,1,4.2227025032,3.1272354126,149.8766479492,12.1857461929,2.23018141451092,-29.7026138306,30.6464138031,5.2545995712,100
37.203556815514546,1,-2.062476635,9.8998861313,150.8758239746,12.2842493057,8.073566196119527,-28.8618373871,30.1053848267,10.1124458313,0
35.83040079415937,1,-1.3240793943,14.7220926285,151.875,12.3840274811,12.810386913788253,-27.9754447937,29.6427230835,14.7815151215,0
36.27011105955115,1,0.6150075197,17.7186698914,152.8741760254,12.4831981659,13.642976723613272,-27.026725769,29.3323192596,17.7293395996,100
36.27221219319024,1,2.1922457218,13.6094703674,153.8733673096,12.5803165436,10.559312799542694,-26.039308548,29.1904697418,13.7849054337,100
37.803087128210294,1,7.7951107025,9.3007164001,154.872543335,12.6710720062,6.28566642509676,-25.041677475,29.1689929962,12.1353645325,100
41.46611825522539,1,12.7247600555,4.1823353767,155.8717193604,12.7536077499,2.341223643235698,-24.0443077087,29.2176914215,13.3944559097,100
45.69662367538106,1,14.2197561264,-1.5796527863,156.8708953857,12.8291330338,-0.744071950043853,-23.0477237701,29.2920436859,14.3072280884,100
49.557882335534124,1,13.6874656677,-5.2538304329,157.8700714111,12.8993558884,-2.1584943102828595,-22.0496349335,29.351600647,14.661154747,100
52.88813785000971,1,12.7915611267,-5.6290721893,158.8692474365,12.9655189514,-2.0659847337571096,-21.0503730774,29.3813095093,13.975353241,100
55.84399676756258,1,12.100692749,-4.332154274,159.8684234619,13.028427124,-1.4443901327611453,-20.0508899689,29.38712883,12.8527946472,100
58.51442767569785,1,6.7168564796,-2.5020940304,160.8675994873,13.0897102356,-0.7672530775897124,-19.0516338348,29.3763656616,7.1677498817,100
58.87670842219325,1,-4.6760363579,-0.2247163206,161.8667755127,13.1521129608,-0.07313640670042165,-18.052690506,29.3568210602,4.681432724,0
56.40684307324553,1,-11.2569828033,1.7128134966,162.8659667969,13.2174520493,0.6117815356500247,-17.0539455414,29.3364772797,11.3865442276,0
53.69716697254642,1,-11.296254158,3.2034504414,163.8651428223,13.2861938477,1.2624198084586726,-16.0552692413,29.3231945038,11.7416973114,0
50.95700726911418,1,-10.8828907013,4.2427258492,164.8643188477,13.3587732315,1.8562516077112798,-15.0566987991,29.3244380951,11.6806697845,0
48.16307296546162,1,-10.6226797104,4.7862043381,165.863494873,13.4357976913,2.3435091947987865,-14.0585927963,29.3470077515,11.651140213,0
45.23705220463823,1,-10.5646286011,4.128320694,166.8626708984,13.5181684494,2.291371800151891,-13.0616865158,29.3968086243,11.3425922394,0
42.10062282902174,1,-10.4504976273,1.7096720934,167.8618469238,13.6070976257,1.0960260465549196,-12.0667514801,29.4772872925,10.5894231796,0
38.79540238967808,1,-10.0394439697,-1.4491882324,168.8610229492,13.7040719986,-1.0940636489178626,-11.0722370148,29.5732421875,10.1434993744,0
35.38991805326555,1,-9.3668003082,-4.2346429825,169.8601989746,13.8109264374,-3.8364536504208857,-10.0757074356,29.6575298309,10.2795495987,0
31.93600808163353,1,-8.509013176,-6.6088581085,170.859375,13.9299821854,-7.32322808169007,-9.0757198334,29.7002029419,10.7740573883,0
28.4903944974044,1,-7.5124783516,-8.7404766083,171.8585510254,14.0641851425,-12.054869805200719,-8.0751485825,29.662733078,11.5253314972,0
25.115383464493224,1,-5.2185029984,-10.5822439194,172.8577423096,14.2128744125,-18.402233758071652,-7.0892410278,29.4915885925,11.7990102768,0
23.267966920346463,1,-1.1763305664,-13.1108064651,173.856918335,14.365486145,-25.649602342277962,-6.1628623009,29.1195144653,13.1634721756,0
23.87156903750477,1,0.5493237376,-19.5987949371,174.8560943604,14.516169548,-29.471211005731266,-5.4013390541,28.4815292358,19.6064910889,100
23.87156903750477,1,0.8449618816,-15.3018865585,175.8552703857,14.664065361,-23.807696692483443,-4.9609379768,27.5990314484,15.3251981735,100
24.771324558460353,1,1.5529971123,-5.839015007,176.8544464111,14.8071680069,-8.494684073540165,-4.823890686,26.6169490814,6.0420107841,100
25.500840195047843,1,-2.9881589413,4.4453320503,177.8536224365,14.9604892731,7.7204087048921926,-4.7651772499,25.6189289093,5.3563113213,0
21.420550376199696,1,-3.0744585991,9.4648694992,178.8527984619,15.1255664825,22.24738266182807,-4.6122994423,24.6271686554,9.9516859055,0
22.159517680305854,1,0.6246427894,16.2429065704,179.8519744873,15.2878789902,33.260944881125845,-4.2232313156,23.7055778503,16.2549133301,100
22.162914856468113,1,0.6122843027,15.3692789078,180.8511505127,15.4476518631,31.81686530294882,-3.4610004425,23.0861244202,15.3814697266,100
22.8639209941032,1,4.5687026978,8.7937088013,181.8503417969,15.5919876099,17.466002649739032,-2.4932603836,22.8808193207,9.9097108841,100
26.97853276141379,1,11.27302742,4.0371451378,182.8495178223,15.7114009857,5.075242072450396,-1.4967757463,22.8299236298,11.9741258621,100
33.266667646465876,1,15.3953485489,1.7838312387,183.8486938477,15.810874939,1.544502567019806,-0.4974776804,22.8084793091,15.4983482361,100
39.05481342150926,1,16.191072464,1.3531711102,184.847869873,15.8973827362,0.8841855416315533,0.501991272,22.8024120331,16.2475204468,100
44.10583553449157,1,15.6949863434,0.7678723931,185.8470458984,15.975189209,0.4053900312456912,1.5014402866,22.806476593,15.7137594223,100
48.355312954589635,1,14.5082798004,-0.110462226,186.8462219238,16.0469245911,-0.04971350815375086,2.5008335114,22.8152046204,14.5087003708,100
51.930862080870334,1,13.3804454803,-0.8672389388,187.8453979492,16.1141662598,-0.3434069699543128,3.5002086163,22.8229503632,13.4085206985,100
55.05730763883388,1,12.5597085953,-1.1308662891,188.8445739746,16.1778793335,-0.4023199915990873,4.4995732307,22.8257312775,12.6105165482,100
57.856484476452415,1,11.91223526,-1.0504096746,189.84375,16.2387142181,-0.340842210328079,5.4989013672,22.8237724304,11.9584579468,100
60.401396686202645,1,11.3735427856,-0.881765306,190.8429412842,16.2971343994,-0.2639508215848643,6.4981765747,22.8179244995,11.4076719284,100
62.74146897198482,1,10.9128770828,-0.665192306,191.8421173096,16.3534908295,-0.18533857129270812,7.4973912239,22.8090648651,10.9331321716,100
64.91213907976872,1,3.8183221817,-0.4042910933,192.841293335,16.4091682434,-0.10561155139603359,8.4965457916,22.7980918884,3.8396658897,100
64.29829221968622,1,-7.853515625,-0.0922695696,193.8404693604,16.4662647247,-0.025364469167874708,9.4956483841,22.7859153748,7.8540577888,0
61.69923118857505,1,-12.4894533157,0.1835662425,194.8396453857,16.5258407593,0.054804163678974865,10.4947090149,22.7734508514,12.4908027649,0
59.05379415720467,1,-12.1790466309,0.4119462073,195.8388214111,16.5881767273,0.1342511275349674,11.4937381744,22.7616119385,12.1860113144,0
56.35559876016099,1,-11.8693447113,0.5938595533,196.8379974365,16.6536064148,0.21250786324482288,12.4927473068,22.7513046265,11.8841915131,0
53.59618209865432,1,-11.5615758896,0.7920350432,197.8371734619,16.7225399017,0.3133526693459538,13.4917392731,22.7434215546,11.5886735916,0
50.76510030275975,1,-11.2492322922,1.1622729301,198.8363494873,16.7954883575,0.5125318440505381,14.4907178879,22.7388362885,11.3091163635,0
47.85259958096033,1,-10.9316577911,1.7013013363,199.8355407715,16.8730983734,0.8442814949192105,15.4897327423,22.7394981384,11.063252449,0
44.84267080618335,1,-10.6241168976,2.1935398579,200.8347167969,16.9562187195,1.2394736795524863,16.488740921,22.7497005463,10.8482017517,0
41.70816060307151,1,-10.316078186,2.5133023262,201.8338928223,17.0459938049,1.6414220965622752,17.4875411987,22.7740154266,10.6178226471,0
38.4255136169891,1,-9.9227523804,2.970351696,202.8330688477,17.1439609528,2.2849038228421077,18.4857330322,22.8169975281,10.35779953,0
35.00855544355564,1,-9.2383613586,4.4539380074,203.832244873,17.2519798279,4.122549783531261,19.4826850891,22.8832397461,10.2559680939,0
31.591109752032192,1,-8.0452795029,7.1716771126,204.8314208984,17.3718185425,8.111159561339887,20.4771823883,22.9882545471,10.7777309418,0
28.440734617572303,1,-5.6140708923,10.2978181839,205.8305969238,17.502538681,14.169771286272091,21.4594745636,23.1796722412,11.7287187576,0
26.59331807306554,1,-0.8914954066,13.5221891403,206.8297729492,17.6352462769,20.76364018341551,22.3979263306,23.524225235,13.5515451431,0
27.61699240976607,1,1.0742874146,19.9495773315,207.8289489746,17.7654857635,23.269517057364915,23.2157440186,24.0915794373,19.9784812927,100
27.619733839972923,1,1.4139305353,14.7942457199,208.828125,17.892742157,17.685171468208615,23.8102874756,24.8841915131,14.86165905,100
28.912559267472584,1,4.5704684258,6.5444455147,209.8273162842,18.0115966797,6.94045617247201,24.2193927765,25.7903575897,7.9824151993,100
31.616254690436246,1,3.7327144146,-2.7706372738,210.8264923096,18.1245346069,-2.5220829966438343,24.5682678223,26.7250022888,4.6486115456,100
32.082404219916626,1,-2.8598530293,-8.3020133972,211.825668335,18.2419662476,-9.088435830588793,24.9512081146,27.6486740112,8.7807855606,0
29.179701921678458,1,-5.4486794472,-11.1261034012,212.8248443604,18.3692684174,-14.528218759312,25.4339179993,28.5257129669,12.3886356354,0
27.33228366105307,1,-1.8061083555,-13.6394367218,213.8240203857,18.5003967285,-19.901753975823954,26.0520439148,29.3131542206,13.7584981918,0
27.530045992123203,1,0.209464103,-18.0860099792,214.8231964111,18.6310558319,-22.329013672044166,26.8396320343,29.9264278412,18.087223053,100
27.530045992123203,1,0.7645602226,-15.4548025131,215.8223724365,18.7600517273,-19.33947060786996,27.7694149017,30.2814750671,15.4737033844,100
28.240141592566726,1,4.3345994949,-11.5117263794,216.8215484619,18.8807888031,-13.478513457056543,28.7561836243,30.4127044678,12.3007564545,100
31.343642909085673,1,9.7762870789,-9.0611448288,217.8207244873,18.9874420166,-8.224998322578186,29.7525806427,30.3941421509,13.3296718597,100
36.10942583969932,1,13.436132431,-6.422208786,218.8199157715,19.0807781219,-4.56396826037147,30.7447414398,30.2861003876,14.8920927048,100
40.968026002419194,1,14.7928562164,-4.6097636223,219.8190917969,19.1639785767,-2.627302914198162,31.732126236,30.1319408417,15.4944677353,100
45.498578103017515,1,14.719332695,-4.0400562286,220.8182678223,19.2397842407,-1.9288048694269737,32.7153167725,29.9523181915,15.2637090683,100
49.40445838583329,1,13.7827167511,-3.8799517155,221.8174438477,19.3101978302,-1.612272020757458,33.6942977905,29.7512435913,14.3184251785,100
52.763889444808434,1,12.8622121811,-3.499263525,222.816619873,19.376499176,-1.2967547455093895,34.6693763733,29.5321750641,13.3297166824,100
55.7407253659397,1,12.1572113037,-2.8854758739,223.8157958984,19.4395122528,-0.9699824821394217,35.6410713196,29.2986869812,12.4949493408,100
58.42721003319197,1,11.5792741776,-2.0534365177,224.8149719238,19.4998092651,-0.6341521169918465,36.6101036072,29.0544509888,11.7599401474,100
60.883524443980434,1,11.0899190903,-1.0155798197,225.8141479492,19.5578098297,-0.2909613641206822,37.5773162842,28.8031978607,11.1363239288,100
63.15193159501472,1,10.6667852402,0.2173959911,226.8133239746,19.6138305664,0.05823217016724258,38.543674469,28.5487270355,10.6690006256,100
65.26341977406418,1,10.2801847458,1.6301394701,227.8125152588,19.6681270599,0.41084262993967724,39.510181427,28.2948894501,10.4086284637,100
67.23579368452504,1,9.9012813568,3.0268003941,228.8116912842,19.7209014893,0.7217763975253036,40.477848053,28.0455913544,10.3535928726,100
69.08091855114515,1,9.5371961594,3.9631330967,229.8108673096,19.7723255157,0.8984929222999667,41.4476242065,27.8047332764,10.3278522491,100
70.81421641994686,1,9.2167634964,4.2976055145,230.810043335,19.8225402832,0.9300993025499776,42.4199142456,27.5743789673,10.1694717407,100
72.45396577950737,1,8.9489774704,4.3636441231,231.8092193604,19.8716564178,0.9044821418057163,43.3945732117,27.3543930054,9.9561834335,100
74.01476470166823,1,8.7146625519,4.3897666931,232.8083953857,19.9197711945,0.873930599774853,44.3714179993,27.1444778442,9.7578372955,100
75.50478426153259,1,8.4967937469,4.3897037506,233.8075714111,19.966966629,0.8414817595716155,45.350276947,26.9443149567,9.5637331009,100
76.93046518910784,1,6.0067825317,4.3643074036,234.8067474365,20.0135383606,0.8074205130004768,46.3309822083,26.7535610199,7.424864769,100
77.53778205545434,1,-3.0849225521,4.1539025307,235.8059234619,20.0604286194,0.7721046492861842,47.3133735657,26.5718479156,5.1741333008,0
75.88482164678267,1,-11.6778774261,3.7265131474,236.8050994873,20.1085758209,0.7354996878286267,48.2972984314,26.3987922668,12.2580471039,0
73.53383857288914,1,-13.4772510529,3.3202347755,237.8042907715,20.1583042145,0.697879966549691,49.2826156616,26.2339935303,13.8802108765,0
71.13663742665005,1,-13.2853078842,2.9485170841,238.8034667969,20.2097511292,0.6622162429692406,50.2691841125,26.0770378113,13.6085691452,0
68.69558026697578,1,-13.0085821152,2.9271252155,239.8026428223,20.2630691528,0.7049486786485128,51.2568778992,25.9275054932,13.3338384628,0
66.23149990172007,1,-12.5401439667,3.7832472324,240.8018188477,20.3183994293,0.9801235027977161,52.2456245422,25.7850799561,13.0984039307,0
63.79292153050277,1,-11.8565149307,5.385160923,241.800994873,20.3758525848,1.5035981646450547,53.235912323,25.6527481079,13.0221700668,0
61.42048766784986,1,-11.0431118011,7.0966334343,242.8001708984,20.4355258942,2.136935461167712,54.2284660339,25.5372829437,13.1267871857,0
59.139947500161995,1,-10.1503791809,8.6524934769,243.7993469238,20.4974784851,2.809226926322054,55.223651886,25.4459171295,13.3377599716,0
56.97994442144446,1,-9.1677751541,10.0931520462,244.7985229492,20.5617351532,3.5283939766455066,56.22133255,25.3863353729,13.6352415085,0
54.97879322084542,1,-8.0695352554,11.4590110779,245.7976989746,20.6282463074,4.300028405198805,57.2206420898,25.3668041229,14.0152177811,0
53.18584307144554,1,-6.7923679352,12.7760210037,246.7968902588,20.6968479156,5.1187371436028775,58.2196884155,25.3962001801,14.4693803787,0
51.68018517269186,1,-5.1622166634,14.0647506714,247.7960662842,20.7671794891,5.962276606611191,59.2152137756,25.4838562012,14.9821796417,0
50.609736581370726,1,-1.5845476389,15.3458757401,248.7952423096,20.8380641937,6.775298779005635,60.2022514343,25.6391525269,15.4274654388,0
50.87992107294314,1,0.5323794484,17.4549369812,249.794418335,20.9087581635,7.236743374104083,61.173915863,25.8707504272,17.463054657,100
50.8814419914464,1,0.5834013224,16.4444522858,250.7935943604,20.9792499542,6.821740652312566,62.1216773987,26.1850337982,16.4547977448,100
51.17601954510436,1,3.5867936611,13.7356071472,251.7927703857,21.0485229492,5.583885406643986,63.0407333374,26.5751018524,14.1961965561,100
52.675490772847375,1,8.4794969559,11.0420475006,252.7919464111,21.1151485443,4.123178163533915,63.9331703186,27.0228729248,13.9222373962,100
55.30099450136439,1,10.5431871414,8.1413469315,253.7911224365,21.1788539886,2.7565898551820247,64.8038711548,27.511888504,13.3206729889,100
57.62652021362382,1,3.689807415,4.6486124992,254.7902984619,21.2416133881,1.4823382390707822,65.6591033936,28.0278911591,5.9350047112,100
57.002823431661255,1,-7.2137241364,0.7425390482,255.7894897461,21.3062553406,0.25971199387281724,66.5057830811,28.5582637787,7.2518401146,0
54.287791500046794,1,-11.2987852097,-2.4958400726,256.7886657715,21.3741855621,-0.9623456938458835,67.3510971069,29.0912647247,11.5711612701,0
51.61468267681385,1,-10.4472579956,-5.2476401329,257.7878417969,21.4456520081,-2.2374081827471066,68.2023086548,29.6152133942,11.6911468506,0
49.05124821944142,1,-9.3876066208,-7.6639175415,258.7870178223,21.5208091736,-3.615012085994935,69.0666046143,30.1176242828,12.1186962128,0
46.66714825904138,1,-8.1505041122,-9.8485212326,259.7861938477,21.5996856689,-5.125186975339289,69.9507598877,30.584356308,12.7837429047,0
44.540440594287524,1,-6.8308048248,-11.7537488937,260.785369873,21.6821403503,-6.701741912956835,70.8605041504,30.9988536835,13.594502449,0
42.708379148096675,1,-5.5793018341,-13.2075433731,261.7845458984,21.7679100037,-8.172039598661549,71.7992553711,31.3419017792,14.337635994,0
41.16865335951731,1,-4.4870538712,-14.2092847824,262.7837219238,21.8566551208,-9.439869555371166,72.7658843994,31.594751358,14.9009208679,0
39.89471753486597,1,-0.8448659778,-14.8562574387,263.7828979492,21.9459915161,-10.486645565062394,73.7538375854,31.7409362793,14.8802614212,0
40.633684839332126,1,1.1488595009,-16.4115200043,264.7820739746,22.0345153809,-11.14984924922534,74.7515716553,31.7660083771,16.4516830444,100
40.633684839332126,1,0.7488738298,-15.8389959335,265.78125,22.1225242615,-10.770030966089069,75.7432632446,31.6609897614,15.8566894531,100
41.10822173678261,1,3.7881362438,-13.5141639709,266.7804260254,22.2080783844,-8.811526302230316,76.7123031616,31.4274215698,14.0350494385,100
42.980362649309875,1,8.558514595,-10.4527864456,267.7796020508,22.2887592316,-6.018346055907465,77.6528625488,31.0951461792,13.5095853806,100
46.18651052099158,1,12.2276115417,-6.9337439537,268.7787780762,22.363702774,-3.4202584201112067,78.5699310303,30.7003746033,14.0567169189,100
49.80631048139161,1,13.4329538345,-2.5789310932,269.7779846191,22.4335517883,-1.1009728151890523,79.4721832275,30.2704181671,13.6782722473,100
53.18819826372138,1,13.0352535248,2.3464696407,270.7771606445,22.499332428,0.8894085045708289,80.3698883057,29.828458786,13.2447633743,100
56.1770367386906,1,12.2934379578,5.4655938148,271.7763366699,22.5618648529,1.8726807771457776,81.2742462158,29.3983020782,13.4536743164,100
58.8706316144547,1,6.3038716316,5.1164565086,272.7755126953,22.6228923798,1.6067316735771475,82.1890029907,28.9924449921,8.1189241409,100
59.01171655422675,1,-5.6864929199,2.1980912685,273.7746887207,22.6852722168,0.7172787705067738,83.1105117798,28.6046886444,6.096540451,0
56.31346279222976,1,-11.7919559479,-0.7262068391,274.7738647461,22.7507324219,-0.2602552609950044,84.0342483521,28.225069046,11.8142967224,0
53.58723168177465,1,-11.4268608093,-2.7307212353,275.7730407715,22.8196582794,-1.0805952618080152,84.9558105469,27.8427276611,11.7486162186,0
50.787062641749884,1,-11.2178153992,-2.7007758617,276.7722167969,22.8925857544,-1.1898012352839122,85.8712692261,27.4483184814,11.5383520126,0
47.85957589369928,1,-10.8970317841,-0.1564522535,277.7713928223,22.9701519012,-0.07762329076029269,86.7789382935,27.0369167328,10.8981552124,0
44.887515588347526,1,-10.1804943085,3.3494873047,278.7705688477,23.0529575348,1.8884623553027509,87.6866760254,26.6221351624,10.7173471451,0
41.990677238298204,1,-9.0067949295,6.5394797325,279.769744873,23.1414031982,4.207078923137109,88.6041946411,26.2263088226,11.1304607391,0
39.349226180619056,1,-7.1684308052,9.6981077194,280.7689208984,23.235250473,7.08110043756956,89.5401077271,25.8731250763,12.059838295,0
37.308335403091675,1,-3.5500481129,12.9108190536,281.7680969238,23.3321437836,10.422778171633546,90.501411438,25.5937385559,13.3900003433,0
36.938851750678594,1,0.0346834436,15.6420698166,282.7672729492,23.4290046692,12.806491998263155,91.4895172119,25.4339427948,15.6421079636,100
37.33240230867815,1,0.5672492385,16.9142589569,283.7664489746,23.5253543854,13.020416081397249,92.4891891479,25.432050705,16.9237689972,100
37.33444507736393,1,1.4814639091,14.9598588943,284.765625,23.6204128265,11.557765222206646,93.4760437012,25.5844936371,15.0330343246,100
38.346370918863265,1,5.2689800262,13.3869771957,285.7648010254,23.7112789154,9.399418614713792,94.432800293,25.8684158325,14.3865661621,100
40.82621321918942,1,9.0439357758,11.5719070435,286.7639770508,23.7960548401,7.096163566758485,95.3531799316,26.2538013458,14.6867895126,100
44.03288980732815,1,11.6617012024,9.3901138306,287.7631530762,23.8745193481,4.954696490715836,96.2397079468,26.7119884491,14.9722909927,100
47.65316355290915,1,13.2144994736,6.76816082,288.7623596191,23.9472808838,3.0641603204031873,97.0995407104,27.2189559937,14.8469190598,100
51.218852457358025,1,13.2833938599,3.4858036041,289.7615356445,24.0153980255,1.3878911312762836,97.9417419434,27.7552547455,13.7331485748,100
54.39547459590032,1,12.5946769714,-0.3954054415,290.7607116699,24.0798435211,-0.14135136377167734,98.7758407593,28.3046665192,12.6008825302,100
57.234088886808884,1,11.9408130646,-4.2562222481,291.7598876953,24.1413078308,-1.3866110060520906,99.6112289429,28.8526649475,12.6766891479,100
59.81111548106761,1,11.3976669312,-6.857134819,292.7590637207,24.2002811432,-2.059360946304518,100.4565582275,29.3855724335,13.3013944626,100
62.17804245116603,1,10.9337177277,-8.0010204315,293.7582397461,24.2571277618,-2.235528388435374,101.3150405884,29.8970470428,13.5485248566,100
64.37162590125926,1,10.5285320282,-8.627117157,294.7574157715,24.3121318817,-2.2590184720131017,102.1863021851,30.3864383698,13.6116542816,100
66.41880978011217,1,10.14909935,-9.2367868423,295.7565917969,24.3655204773,-2.2802928074759214,103.0698699951,30.8532238007,13.7230625153,100
68.3330248623001,1,9.7716464996,-9.8402709961,296.7557678223,24.4174785614,-2.3026936925555277,103.9652786255,31.296875,13.8678045273,100
70.12562138974289,1,9.4196605682,-10.4398231506,297.7549438477,24.4681625366,-2.3261833521444872,104.8720169067,31.7168598175,14.061290741,100
71.81445213083829,1,9.1189489365,-11.038228035,298.754119873,24.517698288,-2.35071141752303,105.7895812988,32.1126441956,14.3177404404,100
73.41620942515245,1,8.8637523651,-11.6382484436,299.7532958984,24.5661888123,-2.376211070353088,106.7174072266,32.4836883545,14.6292495728,100
74.94286835998531,1,8.6360235214,-12.2406826019,300.7524719238,24.6137237549,-2.402598870790956,107.6549453735,32.8294525146,14.9804944992,100
76.40198203025437,1,8.4222488403,-12.8460330963,301.7516479492,24.6603775024,-2.429773204771668,108.601600647,33.1494026184,15.3608217239,100
77.79898866396907,1,8.2160243988,-13.453868866,302.7508239746,24.7062168121,-2.4576126281609674,109.5567474365,33.4429931641,15.7641887665,100
79.13804933004053,1,8.0174627304,-14.0637903214,303.75,24.7513046265,-2.4859758438369983,110.5197372437,33.7096977234,16.1885738373,100
80.42366155203075,1,7.8299632072,-14.6754808426,304.7491760254,24.7956886292,-2.514700630259224,111.4898910522,33.9489936829,16.6336421967,100
81.66028165657467,1,7.6520199776,-15.2882947922,305.7483520508,24.8394184113,-2.543599160403245,112.4664993286,34.1603660583,17.0963554382,100
82.85119180604654,1,7.4803619385,-15.9008674622,306.7475585938,24.8825359344,-2.5724658856600584,113.4488143921,34.3433189392,17.572517395,100
83.99918664581068,1,7.3156919479,-16.5118808746,307.7467346191,24.9250774384,-2.6010730667652555,114.4360656738,34.4973678589,18.0599441528,100
85.10730114623907,1,7.1594548225,-17.1197605133,308.7459106445,24.9670772552,-2.62916798349456,115.4274291992,34.6220664978,18.5565071106,100
86.17832995269603,1,6.5949511528,-17.7226295471,309.7450866699,25.0085983276,-2.6565128583629924,116.4220733643,34.7169761658,18.9099178314,100
87.0910664966268,1,5.2118029594,-18.2716693878,310.7442626953,25.049747467,-2.6828741881507256,117.4191207886,34.7817077637,19.0004425049,100
87.7306144773884,1,3.1164004803,-18.6941814423,311.7434387207,25.0906829834,-2.7059286347280818,118.4176635742,34.8158988953,18.9521598816,100
88.01292168566265,1,1.6954294443,-18.7512950897,312.7426147461,25.1315021515,-2.6972649685557983,119.4167633057,34.8192367554,18.8277854919,100
88.2297023655581,1,2.2870016098,-18.2614002228,313.7417907715,25.1721668243,-2.614156506450866,120.4154663086,34.7915458679,18.404050827,100
88.68334122356701,1,4.3981132507,-17.4934082031,314.7409667969,25.2125396729,-2.466193908731889,121.4128570557,34.7338905334,18.037815094,100
89.51140071135943,1,6.1674118042,-16.6525478363,315.7401428223,25.2525100708,-2.298469647154595,122.4082183838,34.6482048035,17.7579364777,100
90.46651698226641,1,6.6028952599,-15.7593307495,316.7393188477,25.2920665741,-2.131068751497717,123.400970459,34.5364685059,17.0866832733,100
91.40187161114271,1,6.5348296165,-14.8275651932,317.738494873,25.3312244415,-1.9656114776509492,124.3907165527,34.4006538391,16.2037239075,100
92.31834350380518,1,6.4629349709,-13.8661956787,318.7376708984,25.3700008392,-1.803039527587213,125.3771743774,34.2427062988,15.2983951569,100
93.21515675107459,1,6.3796906471,-12.8811798096,319.7368469238,25.4084091187,-1.6439585520734297,126.3601837158,34.0645256042,14.3744649887,100
94.09105479303615,1,6.2893357277,-11.8773336411,320.7360229492,25.4464645386,-1.4886863650689799,127.3396987915,33.8679695129,13.4397468567,100
94.94648394869283,1,6.1999187469,-10.8579893112,321.7351989746,25.4841842651,-1.337301415955173,128.3157501221,33.6548271179,12.5033960342,100
95.78239178840657,1,6.1133804321,-9.8248071671,322.734375,25.5215778351,-1.189686082226247,129.2884521484,33.4268379211,11.5715284348,100
96.59965035099971,1,3.8273963928,-8.7779626846,323.7335510254,25.5587730408,-1.045699931926615,130.2580108643,33.1856842041,9.5760946274,100
96.81174811216151,1,-5.0929851532,-7.5346794128,324.7327270508,25.5962352753,-0.904862608699995,131.2246398926,32.9329986572,9.0944976807,0
95.22441722850621,1,-13.5656270981,-6.1141753197,325.7319335938,25.6344337463,-0.7664471723438153,132.1886444092,32.6703605652,14.8798313141,0
93.11204327772536,1,-15.3495874405,-4.8044929504,326.7311096191,25.6735191345,-0.6299131804178183,133.1503448486,32.3993148804,16.0839366913,0
90.95395250523798,1,-15.2871932983,-3.6003961563,327.7302856445,25.7135486603,-0.4947132175853804,134.1101074219,32.1213722229,15.7054491043,0
88.75819239068608,1,-15.1560497284,-2.4958782196,328.7294616699,25.7545909882,-0.3601240965174874,135.0683135986,31.83801651,15.3601837158,0
86.53080540899566,1,-14.9755268097,-1.4845229387,329.7286376953,25.7967090607,-0.22536606749158977,136.0253753662,31.5507202148,15.0489273071,0
84.27529345016524,1,-14.7560348511,-0.5598737001,330.7278137207,25.8399753571,-0.08960413046495372,136.9817352295,31.2609577179,14.7666521072,0
81.99547425966058,1,-14.5090532303,0.2842198312,331.7269897461,25.884469986,0.04805148937036923,137.9378356934,30.9702033997,14.5118370056,0
79.69188342057326,1,-14.2452402115,1.0512061119,332.7261657715,25.9302749634,0.18814115997012285,138.8941040039,30.6799545288,14.2839736938,0
77.36531744126604,1,-13.9755983353,1.7010746002,333.7253417969,25.9774875641,0.323031742781924,139.8510437012,30.391740799,14.078742981,0
75.01265208691832,1,-13.7154693604,2.1658656597,334.7245178223,26.0262145996,0.4374884791093164,140.8090667725,30.1071243286,13.8854265213,0
72.62897784669772,1,-13.4659147263,2.4628713131,335.7236938477,26.0765781403,0.5306592202827579,141.7684783936,29.8273735046,13.6892881393,0
70.20968733197013,1,-13.2267255783,2.6713588238,336.722869873,26.1287250519,0.6159160965025139,142.7295379639,29.553445816,13.4937915802,0
67.7485046087163,1,-12.99152565,2.8261787891,337.7220458984,26.1828212738,0.6997978625548001,143.6924438477,29.2862854004,13.2953767776,0
65.241659995392,1,-12.7205963135,2.9276409149,338.7212219238,26.2390518188,0.7816791865724327,144.6573944092,29.0268287659,13.053147316,0
62.697427564097936,1,-12.4172449112,2.9770069122,339.7203979492,26.2976303101,0.8606546348109223,145.6245727539,28.7760009766,12.7691249847,0
60.11068494373204,1,-12.1199197769,2.9755573273,340.7195739746,26.3588123322,0.9358390103951039,146.5941162109,28.5346908569,12.479839325,0
57.47337092210326,1,-11.8273363113,2.9253466129,341.71875,26.4229011536,1.0063934744650156,147.5661315918,28.3037586212,12.1837406158,0
54.77837529033976,1,-11.5474014282,2.8295543194,342.7179260254,26.4902687073,1.071547719642572,148.5406799316,28.0840148926,11.8890218735,0
52.010234804772146,1,-11.2909097672,2.670068264,343.7171020508,26.561384201,1.12162047233387,149.5177764893,27.8762130737,11.6023235321,0
49.151113862148904,1,-11.0650320053,2.215416193,344.7163085938,26.6368541718,1.0420580574821585,150.4974365234,27.6810436249,11.2846355438,0
46.17278105501515,1,-10.8385925293,1.2646751404,345.7154846191,26.7174720764,0.6741129896583103,151.4794769287,27.4987277985,10.9121255875,0
43.06300380339695,1,-10.5759630203,0.1305607557,346.7146606445,26.8042907715,0.08000992926717629,152.462890625,27.3246974945,10.5767688751,0
39.80100079775936,1,-10.2942819595,-0.7622209787,347.7138366699,26.8987636566,-0.5467818802151724,153.4463348389,27.1514816284,10.3224620819,0
36.34840231767814,1,-9.9828300476,-1.3435800076,348.7130126953,27.0030040741,-1.1554800721385905,154.4284820557,26.9720249176,10.0728397369,0
32.66552028490377,1,-9.4993677139,-2.400639534,349.7121887207,27.1200561523,-2.554940900064905,155.4081268311,26.779882431,9.7980127335,0
28.79522366026107,1,-8.4223251343,-5.0332965851,350.7113647461,27.2534999847,-6.864907877014673,156.3840789795,26.5677642822,9.811709404,0
25.115383464493224,1,-4.5360527039,-9.2358884811,351.7105407715,27.398859024,-16.191508133900122,157.3474731445,26.2941131592,10.2896747589,0
24.376417876865695,1,0.2945249379,-14.7075681686,352.7097167969,27.5433368683,-26.1414015767314,158.251449585,25.8622913361,14.7105169296,100
25.41727893677685,1,1.000600338,-19.1529960632,353.7088928223,27.6848564148,-27.343593419675894,158.9376525879,25.1454238892,19.1791152954,100
25.41727893677685,1,2.259386301,-13.0418224335,354.7080688477,27.8204879761,-19.39766552432136,159.3029174805,24.22149086,13.236084938,100
27.623688914888866,1,7.7521204948,-9.7270183563,355.707244873,27.940410614,-11.262989626477575,159.4733886719,23.2396335602,12.4382572174,100
32.366294144964684,1,12.3418140411,-7.788485527,356.7064208984,28.0434570312,-6.75701393678258,159.5251464844,22.2439918518,14.5938644409,100
37.4478376260899,1,14.3516721725,-5.3204011917,357.7055969238,28.133644104,-3.597432033426091,159.5024108887,21.2465763092,15.3061151505,100
42.3196728704217,1,7.8218011856,-1.7335762978,358.7047729492,28.2184448242,-0.9464889837332349,159.440246582,20.2500972748,8.0116081238,100
42.51457017546385,1,-4.549507618,2.4369118214,359.7039489746,28.306230545,1.531780274091622,159.3677520752,19.2535858154,5.1610617638,0
39.43732272858182,1,-9.176615715,5.7106819153,360.703125,28.4009685516,4.165153515701012,159.3121490479,18.255355835,10.8084306717,0
36.49883592833125,1,-7.8813171387,8.5338058472,361.7023010254,28.5032043457,7.240582792937144,159.3027038574,17.2551651001,11.6164112091,0
33.86844672112262,1,-6.237408638,11.1070575714,362.7015075684,28.6128120422,10.870392058301238,159.374206543,16.2574214935,12.7386026382,0
31.766084053812754,1,-0.3321436644,13.2987308502,363.7006835938,28.7228469849,14.64572191796568,159.5684814453,15.2769651413,13.3028774261,0
33.61350231443815,1,2.3347768784,17.3873119354,364.6998596191,28.8298549652,16.969101266227,159.9279174805,14.3462944031,17.5433692932,100
33.61575794303364,1,0.3895284235,15.7825565338,365.6990356445,28.9363899231,15.479723873950048,160.4740600586,13.514623642,15.7873620987,100
33.912299301600555,1,3.8090419769,10.7524757385,366.6982116699,29.0386600494,10.328367028399846,161.1723175049,12.8056144714,11.4072141647,100
36.43236526326778,1,10.3108844757,6.092505455,367.6973876953,29.131521225,4.652206619881015,161.948135376,12.1796855927,11.9763498306,100
41.038029455896435,1,12.2178325653,-0.1538289189,368.6965637207,29.2158489227,-0.09278660161969607,162.7553253174,11.5918922424,12.2188005447,100
44.27378202485438,1,4.1687350273,-8.3791160583,369.6957397461,29.2977256775,-4.663977596604475,163.5633850098,11.0025234222,9.3588428497,100
43.5895506235195,1,-0.4148800075,-14.1300725937,370.6949157715,29.3798313141,-8.388482312589788,164.3405609131,10.3711299896,14.1361618042,0
44.030424751780195,1,0.7457762361,-17.777545929,371.6940917969,29.4615268707,-9.467248366529804,165.0445404053,9.6595697403,17.793182373,100
44.030424751780195,1,0.8362621069,-14.8882837296,372.6932678223,29.5427684784,-7.951002720055874,165.6597290039,8.8718748093,14.9117507935,100
44.51959405352475,1,-4.2871050835,-9.2429704666,373.6924438477,29.6264686584,-5.284335508306695,166.1979980469,8.0310592651,10.1888065338,0
41.43208469785223,1,-10.2389287949,-4.0281047821,374.691619873,29.71692276,-2.664706521526352,166.6841278076,7.1599416733,11.0027856827,0
38.10046619314704,1,-10.0503520966,-2.0036187172,375.6907958984,29.8158988953,-1.5681105825005057,167.1465454102,6.2766275406,10.2481250763,0
34.58376597318722,1,-9.5601806641,-3.0959129333,376.6899719238,29.9257164001,-2.9389095920662798,167.6028137207,5.3891382217,10.0489664078,0
30.926591927366452,1,-8.7984714508,-5.3093652725,377.6891479492,30.0494632721,-6.282698280264443,168.0332946777,4.4866428375,10.2763051987,0
27.208450675719455,1,-7.6784915924,-7.748644352,378.6883239746,30.1909503937,-11.727185501882884,168.4030303955,3.5557854176,10.908744812,0
23.63745057239954,1,-3.5054106712,-10.4151639938,379.6875,30.343126297,-20.287278884222264,168.6547698975,2.5855994225,10.9892463684,0
23.63745057239954,1,0.8663813472,-15.2215270996,380.6866760254,30.4923629761,-28.377813832779854,168.6800079346,1.5864497423,15.2461633682,100
24.56837977449618,1,0.8663813472,-18.0372562408,381.6858825684,30.6387729645,-28.878026150313868,168.3291015625,0.6611199379,18.058052063,100
24.56837977449618,1,2.3456397057,-12.7694540024,382.6850585938,30.7784729004,-21.328385831764503,167.6453552246,-0.0544656441,12.9831037521,100
26.92773820064944,1,7.7560062408,-10.4499559402,383.6842346191,30.9011669159,-13.085156032252302,166.8100128174,-0.5917304754,13.0137310028,100
31.70718021585583,1,11.8754281998,-9.0365114212,384.6834106445,31.0064716339,-8.430530665309565,165.906036377,-1.0095903873,14.9226121902,100
36.608987512689986,1,13.4261102676,-8.3732471466,385.6825866699,31.0988807678,-6.070413016852606,164.9655914307,-1.3444371223,15.823138237,100
41.240531353814916,1,14.1085481644,-8.5173845291,386.6817626953,31.1818122864,-5.000824600874997,164.0028533936,-1.617151618,16.4801998138,100
45.50827009662392,1,14.1409301758,-9.3494024277,387.6809387207,31.2576694489,-4.604937017365771,163.0262145996,-1.8366030455,16.952205658,100
49.32791463938828,1,13.7164592743,-10.0935516357,388.6801147461,31.3281536102,-4.299655306541772,162.0396575928,-2.0039498806,17.0300045013,100
52.739719542224364,1,13.0325088501,-10.0843772888,389.6792907715,31.3944625854,-3.815696277587879,161.0463867188,-2.1219780445,16.4785003662,100
55.752058440913245,1,12.2912979126,-9.1935415268,390.6784667969,31.4574489594,-3.146986182534827,160.0492095947,-2.1960401535,15.3491754532,100
58.46481071107143,1,11.6908664703,-7.4298906326,391.6776428223,31.517698288,-2.3319232719839973,159.0503234863,-2.2338027954,13.8520622253,100
60.94133994916803,1,11.1853208542,-4.8943319321,392.6768188477,31.57563591,-1.4228858177689376,158.0510864258,-2.2447152138,12.2092542648,100
63.22580772631381,1,10.7497472763,-1.7578064203,393.675994873,31.6315879822,-0.47716710130674284,157.0520629883,-2.2393217087,10.8925180435,100
65.35024602920316,1,10.3574609756,1.7570854425,394.6751708984,31.6858062744,0.44824156766183726,156.0533447266,-2.2285592556,10.505443573,100
67.3349177508658,1,9.9785861969,4.8314447403,395.6743469238,31.7385005951,1.1647921775659351,155.0548400879,-2.2231183052,11.0867061615,100
69.1918941093247,1,5.8512701988,5.6852631569,396.6735229492,31.790353775,1.3019702313494388,154.0566101074,-2.2328042984,8.158405304,100
69.54905935099252,1,-5.6543579102,3.4523146152,397.6726989746,31.8430213928,0.8110729069500516,153.0585632324,-2.2598993778,6.6249709129,0
67.04206367602904,1,-13.0434360504,0.361020118,398.671875,31.8977088928,0.09129135939132112,152.0605773926,-2.2962679863,13.0484313965,0
64.50935314711747,1,-12.5549898148,-2.2468361855,399.671081543,31.9545726776,-0.6136129895125825,151.0623779297,-2.3335821629,12.7544517517,0
62.00261153079077,1,-11.8682327271,-4.44333601,400.6702575684,32.0137557983,-1.313373873371285,150.0637359619,-2.3639142513,12.6727342606,0
59.554296533922766,1,-11.063249588,-6.3583679199,401.6694335938,32.0753746033,-2.0365777837840007,149.0645446777,-2.3793697357,12.7602643967,0
57.19508058665553,1,-10.1479902267,-8.0921392441,402.6686096191,32.1395187378,-2.8089942710797633,148.0650939941,-2.3717660904,12.979385376,0
54.96431531186774,1,-9.1015729904,-9.7237300873,403.6677856445,32.2062034607,-3.6527736429760553,147.0662536621,-2.3323504925,13.3187665939,0
52.913519680824244,1,-7.8523769379,-11.3156766891,404.6669616699,32.2753486633,-4.582959605392546,146.0698242188,-2.2515852451,13.7733201981,0
51.13065977903217,1,-6.2906894684,-12.9251461029,405.6661376953,32.3466682434,-5.600107108060866,145.0789642334,-2.1190509796,14.3747062683,0
49.73931796614563,1,-4.5674314499,-14.471660614,406.6653137207,32.4197044373,-6.617189293540542,144.0986938477,-1.9235967398,15.175321579,0
48.76231832038534,1,-2.5509722233,-15.5090608597,407.6644897461,32.4937515259,-7.370273571763748,143.136428833,-1.6539161205,15.717455864,0
48.39283466833226,1,-0.6930326223,-15.9837141037,408.6636657715,32.5680809021,-7.707929093967714,142.2012023926,-1.3023192883,15.9987316132,0
48.39283466833226,1,0,-16.2102642059,409.6628417969,32.6424102783,-7.815718870472652,141.3009338379,-0.8693034053,16.2102642059,100
48.39283466833226,1,0,-16.3261833191,410.6620178223,32.7167396545,-7.870911069818379,140.4431915283,-0.3574629724,16.3261833191,100
48.39283466833226,1,0,-16.3706569672,411.6611938477,32.7910728455,-7.892082095261159,139.6352539062,0.2295793295,16.3706569672,100
48.39283466833226,1,0.3465163112,-16.3324222565,412.660369873,32.8652610779,-7.873725959899656,138.8838500977,0.8872029185,16.3360977173,100
48.577926683178646,1,0.3465163112,-16.4500389099,413.6595458984,32.9393043518,-7.811485864011804,138.1949768066,1.6098343134,16.4536876678,100
48.577926683178646,1,0.6913198233,-16.2166042328,414.6587219238,33.0130729675,-7.701825466249432,137.5736694336,2.3911049366,16.2313327789,100
48.94510664163469,1,-0.090277411,-16.3428192139,415.6578979492,33.0868797302,-7.53714277977548,137.0238189697,3.2240219116,16.3430690765,100
48.52977227246218,1,-5.1981139183,-14.4921875,416.6570739746,33.1628913879,-6.957949141185571,136.5480804443,4.1011981964,15.396229744,0
46.112637823009734,1,-9.6502313614,-9.7098417282,417.65625,33.2435569763,-5.17516090999966,136.1474456787,5.015027523,13.6897039413,0
43.07299792064166,1,-10.4178905487,-3.4684462547,418.655456543,33.330329895,-2.1235602427249307,135.8060302734,5.9532933235,10.9800987244,0
39.83411768426585,1,-9.8624353409,2.0217752457,419.6546325684,33.4243659973,1.4476400238596407,135.4870300293,6.9003734589,10.0675325394,0
36.666548959600824,1,-8.503745079,6.3872408867,420.6538085938,33.5263786316,5.382797806926646,135.1530761719,7.8431434631,10.6353435516,0
33.856845854603314,1,-6.4743084908,10.2281751633,421.6529846191,33.6360054016,10.035204211461245,134.7639312744,8.7649297714,12.105050087,0
31.766084053812754,1,-0.7938875556,13.3297014236,422.6521606445,33.7466659546,14.678503411735194,134.2737426758,9.6366167068,13.3533220291,0
33.244018662385066,1,1.8578641415,16.9428958893,423.6513366699,33.8548622131,16.908640433476148,133.6381835938,10.4058513641,17.0444545746,100
33.246298323481334,1,0.5047801137,15.7222061157,424.6505126953,33.9624290466,15.751008744388658,132.8541412354,11.0211954117,15.730307579,100
33.634966835746525,1,3.0497882366,13.775844574,425.6496887207,34.0664215088,13.282107094412758,131.9702758789,11.4825048447,14.1093978882,100
35.54275148823881,1,6.6318082809,13.9013271332,426.6488647461,34.1637115479,11.382031285673163,131.026260376,11.8056430817,15.4021997452,100
38.40339334972532,1,7.6525859833,14.5245494843,427.6480407715,34.254611969,10.325380531729351,130.0476074219,12.0051927567,16.4172039032,100
40.73905394127684,1,6.0023450851,15.4582538605,428.6472167969,34.3412895203,9.84842586025473,129.051361084,12.0893611908,16.5826950073,100
42.25785079163936,1,4.2376022339,15.8324737549,429.6463928223,34.4253234863,9.422648088438406,128.0522155762,12.0599889755,16.3897686005,100
43.34935535031571,1,4.1135511398,15.3226718903,430.6455688477,34.5070228577,8.701672955200857,127.0628509521,11.9215888977,15.8652324677,100
44.70790300023759,1,5.6397609711,14.5453472137,431.644744873,34.5858154297,7.7078744567123705,126.0927963257,11.6845235825,15.6004495621,100
46.597113906428866,1,7.6478357315,13.5719594955,432.6439208984,34.6611175537,6.588090125035822,125.1477355957,11.3625869751,15.5784301758,100
48.93806166435066,1,9.5375919342,12.4320001602,433.6430969238,34.7326545715,5.461547326447359,124.2296981812,10.9704971313,15.6690864563,100
51.62666463110829,1,11.1743497849,11.1386919022,434.6422729492,34.8004226685,4.39927063115822,123.3377685547,10.5221366882,15.7777233124,100
54.53196244735003,1,12.0546598434,9.6579771042,435.6414489746,34.8647193909,3.4300556890107345,122.4692459106,10.0298023224,15.4464025497,100
57.35600269927783,1,11.9090509415,7.8808150291,436.640625,34.9260597229,2.554350088904878,121.6203842163,9.5040559769,14.2805023193,100
59.92154172324662,1,10.9946708679,5.8375825882,437.639831543,34.9850082397,1.7461944252166248,120.7869415283,8.9539337158,12.448299408,100
62.1224997404402,1,2.4020409584,3.406046629,438.6390075684,35.0434608459,0.957856976321068,119.9644470215,8.3872699738,4.1678476334,100
60.95088431409254,1,-8.8692293167,0.5202193856,439.6381835938,35.1037826538,0.15914887674208444,119.1480407715,7.811463356,8.8844718933,0
58.30782994081604,1,-11.8813781738,-1.9567705393,440.6373596191,35.1669006348,-0.6540898106735616,118.3324813843,7.2340388298,12.0414323807,0
55.67393884396892,1,-11.2414894104,-4.0927553177,441.6365356445,35.2330513,-1.5002840277889913,117.5125045776,6.6625037193,11.9633493423,0
53.08036067291145,1,-10.4863271713,-5.9938735962,442.6357116699,35.3024635315,-2.416200762796647,116.6828155518,6.1047978401,12.0784759521,0
50.56109121924702,1,-9.6170492172,-7.7478680611,443.6348876953,35.3753356934,-3.440065754435374,115.8380813599,5.5698032379,12.3497810364,0
48.160020828503335,1,-8.6107330322,-9.4213161469,444.6340637207,35.4517860413,-4.606053328226758,114.9731063843,5.0679721832,12.7634601593,0
45.93921533922772,1,-7.4085798264,-11.0557231903,445.6332397461,35.5317802429,-5.931693150831139,114.0831451416,4.6119070053,13.3084964752,0
43.99594487540409,1,-5.9031562805,-12.6666917801,446.6324157715,35.6149711609,-7.394608682145626,113.1645584106,4.2168769836,13.9747028351,0
42.481099667000265,1,-3.132496357,-14.2367610931,447.6315917969,35.700012207,-8.891677717695424,112.216217041,3.9009644985,14.5773077011,0
42.11161944790444,1,-0.04836227,-15.8156061172,448.6307678223,35.7850875854,-10.028608808337825,111.2410430908,3.6839630604,15.8156805038,100
42.45160826595338,1,0.5550593138,-16.9216117859,449.6299438477,35.8698196411,-10.214365197643476,110.2477645874,3.5842759609,16.9307136536,100
42.45160826595338,1,1.0717753172,-15.6613054276,450.629119873,35.9539108276,-9.467916876496428,109.2499847412,3.6054272652,15.697936058,100
43.10051178423057,1,3.9086215496,-14.7573127747,451.6282958984,36.0357780457,-8.435409985352054,108.2604522705,3.7347733974,15.2661581039,100
44.77270168479865,1,6.6461400986,-14.3101711273,452.6274719238,36.1142311096,-7.497563537107618,107.2878417969,3.9586913586,15.7782182693,100
46.92447189050249,1,8.2774477005,-13.5154895782,453.6266479492,36.1889724731,-6.457453793959913,106.3377532959,4.264934063,15.8488044739,100
49.3289377402098,1,10.0122013092,-11.3610506058,454.6258239746,36.2598609924,-4.916427367612743,105.413520813,4.6425499916,15.1432380676,100
52.15851578346737,1,11.7571163177,-7.5772500038,455.6250305176,36.3268966675,-2.9234180795226696,104.5124511719,5.0729680061,13.9872980118,100
55.15733120981503,1,12.2462291718,-2.460565567,456.624206543,36.3905181885,-0.8567707143459132,103.6258163452,5.5329995155,12.4909772873,100
57.92091237283009,1,11.7857246399,3.6310009956,457.6233825684,36.45129776,1.1562891286523609,102.7433776855,6.0016832352,12.3323745728,100
60.438393116445496,1,11.2663583755,9.908867836,458.6225585938,36.5096931458,2.9150861043475653,101.8546218872,6.4588260651,15.0038824081,100
62.75666442482846,1,10.4532680511,14.34486866,459.6217346191,36.5661087036,3.9319418282587155,100.9498977661,6.8837003708,17.7495365143,100
64.7630341272527,1,8.1650629044,16.1802520752,460.6209106445,36.6211090088,4.175952045536265,100.0259552002,7.2647871971,18.123708725,100
66.04034481168415,1,5.9673991203,16.5873947144,461.6200866699,36.6751403809,4.124398632392478,99.0849075317,7.6011843681,17.6281471252,100
67.10697222386221,1,5.3038134575,16.7588691711,462.6192626953,36.728351593,4.041487817808554,98.129119873,7.8928236961,17.5781154633,100
68.08854492508405,1,5.138074398,16.8022575378,463.6184387207,36.7808074951,3.941081903108072,97.1609573364,8.139998436,17.5703048706,100
69.06145216647826,1,5.2475323677,16.7651805878,464.6176147461,36.8325195312,3.8265823209967595,96.1827087402,8.3433265686,17.567237854,100
70.05610545399563,1,5.5411148071,16.6806602478,465.6167907715,36.883480072,3.701466060124791,95.1965560913,8.5037078857,17.5769271851,100
71.10906176515059,1,5.987267971,16.569152832,466.6159667969,36.9336662292,3.569093792980351,94.2045516968,8.6222753525,17.6177253723,100
72.23560581615534,1,6.4999451637,16.442741394,467.6151428223,36.9830513,3.4325514817071685,93.2085647583,8.7003393173,17.6808662415,100
73.43825759455392,1,7.0293731689,16.3088874817,468.6143188477,37.0316123962,3.2945496463945596,92.210319519,8.7393407822,17.7592754364,100
74.71335041615966,1,7.5510797501,16.1729125977,469.613494873,37.0793266296,3.1573879219082177,91.2113265991,8.7408056259,17.8488636017,100
76.05460834587332,1,7.9679198265,16.0388660431,470.6126708984,37.1262016296,3.0229409803171863,90.212928772,8.7063045502,17.9090194702,100
77.4261061192751,1,8.1120252609,15.8874139786,471.6118469238,37.1722602844,2.8926775359039265,89.2163162231,8.6374187469,17.8385791779,100
78.76855194471842,1,7.1115150452,15.704873085,472.6110229492,37.2176361084,2.7677042852976226,88.2225189209,8.5357093811,17.2399730682,100
79.76941250278999,1,2.1796731949,15.2864780426,473.6101989746,37.2628097534,2.649421629022822,87.2324066162,8.4027023315,15.4410934448,100
79.48198292305365,1,-5.826748848,14.1138525009,474.6094055176,37.3085327148,2.5375051354576095,86.2467422485,8.2398681641,15.2693099976,0
77.85466870378502,1,-10.2000007629,12.9788599014,475.608581543,37.355266571,2.4321629143323333,85.2661819458,8.0486106873,16.5072956085,0
76.08583009201591,1,-10.7521047592,11.8945293427,476.6077575684,37.4031410217,2.33392836070637,84.291267395,7.8302583694,16.0339508057,0
74.19177490550007,1,-11.1692333221,10.8679199219,477.6069335938,37.4522857666,2.2428567535477932,83.3224716187,7.586063385,15.5840768814,0
72.18391518370784,1,-11.5786457062,9.8808259964,478.6061096191,37.502872467,2.1542514833254027,82.360206604,7.317193985,15.2215557098,0
70.03339810532151,1,-12.1435194016,8.4778699875,479.6052856445,37.5551109314,1.963796353085553,81.404800415,7.0247378349,14.8101100922,0
67.68689882280093,1,-12.6903171539,5.9657769203,480.6044616699,37.6092567444,1.4796279367054292,80.456489563,6.7098989487,14.0226478577,0
65.17171833982532,1,-12.821308136,2.6167757511,481.6036376953,37.6655654907,0.7001886255006573,79.5139007568,6.3780641556,13.0856199265,0
62.589191719286625,1,-12.4545240402,-0.6766014099,482.6028137207,37.7242431641,-0.19629709959225108,78.5739212036,6.0386071205,12.4728889465,0
60.01868138585488,1,-11.7493648529,-3.574054718,483.6019897461,37.785446167,-1.1274662633147645,77.6331176758,5.7011375427,12.2809381485,0
57.52235960659231,1,-10.8025150299,-6.1361236572,484.6011657715,37.8492889404,-2.106610913556123,76.6880340576,5.3756279945,12.423620224,0
55.16068547041162,1,-9.6575155258,-8.4321136475,485.6003417969,37.9158058167,-3.1461985775609063,75.7354125977,5.0727262497,12.8206138611,0
52.99611963618428,1,-8.3107357025,-10.5144128799,486.5995178223,37.9849090576,-4.246502779650931,74.7725982666,4.804028511,13.4022836685,0
51.109957433634044,1,-6.6850514412,-12.4152164459,487.5986938477,38.0563278198,-5.384870768229429,73.798034668,4.5822110176,14.1006212234,0
49.621781515454785,1,-4.5265698433,-14.155919075,488.597869873,38.129447937,-6.504491600669559,72.8118972778,4.4208183289,14.8620281219,0
48.76231832038534,1,-1.2094595432,-15.7247247696,489.5970458984,38.2030448914,-7.47101288487564,71.8168258667,4.3335409164,15.7711687088,0
48.98647013406389,1,0.4230075479,-17.2799453735,490.5962219238,38.276473999,-7.785216104338887,70.8184356689,4.3327770233,17.2851219177,100
48.98647013406389,1,1.5250151157,-15.410449028,491.5953979492,38.3493118286,-6.951675608562721,69.8248596191,4.4258775711,15.4857225418,100
49.78620208403833,1,5.8365015984,-12.6111183167,492.5945739746,38.4200019836,-5.362245764978679,68.8421554565,4.5997061729,13.8962249756,100
51.98066100627119,1,10.1855421066,-9.7344369888,493.5937805176,38.4873580933,-3.740066874225063,67.8716049194,4.8327679634,14.0891637802,100
54.829276281058966,1,11.8973503113,-6.641477108,494.592956543,38.5513420105,-2.304357057789728,66.9114685059,5.1065173149,13.6255702972,100
57.604163053589545,1,11.7675609589,-3.1643233299,495.5921325684,38.6124458313,-1.004994569360314,65.9584655762,5.4050898552,12.1855831146,100
60.13133235749411,1,7.1325378418,0.7620579004,496.5913085938,38.6719703674,0.22385016440512243,65.0085906982,5.7144598961,7.1731324196,100
60.72631708054633,1,-3.335201025,4.7463541031,497.5904846191,38.732219696,1.4494263343775202,64.0576553345,6.0214905739,5.80098629,0
58.67727926041658,1,-9.0578689575,8.2916564941,498.5896606445,38.7945556641,2.734779569268061,63.1015777588,6.3130168915,12.2799253464,0
56.73193856208915,1,-7.1899547577,11.7066144943,499.5888366699,38.8587036133,4.12619369197589,62.1367950439,6.5749602318,13.7382774353,0
55.41301719286624,1,-2.8555586338,14.7039451599,500.5880126953,38.9236183167,5.424909763691259,61.1607475281,6.7915425301,14.9786586761,0
55.41301719286624,1,0.4481240213,16.6607398987,501.5871887207,38.9884109497,6.14111315544193,60.1729164124,6.9450888634,16.666765213,100
55.62206625074699,1,0.4511263072,16.9327831268,502.5863647461,39.0530776978,6.1483796239237405,59.1767234802,7.0260400772,16.938791275,100
55.62346357306914,1,1.2846041918,16.028093338,503.5855407715,39.117401123,5.821633189491178,58.1775016785,7.0363478661,16.0794906616,100
56.217020074663935,1,4.2403826714,15.5359525681,504.5847167969,39.1806297302,5.415078988219872,57.179977417,6.9799647331,16.1042442322,100
57.56396342438925,1,6.6571130753,15.006029129,505.5838928223,39.2422409058,4.967057854610555,56.1879615784,6.8618836403,16.4163970947,100
59.20450585899531,1,8.0498714447,14.4226675034,506.5830688477,39.3020477295,4.501045995203158,55.2043075562,6.6876964569,16.517074585,100
61.078408016113585,1,9.3092918396,13.7834711075,507.582244873,39.3599624634,4.034999993240748,54.2309150696,6.4632158279,16.6327075958,100
63.14562132782294,1,10.1857194901,13.0862989426,508.5814208984,39.4159889221,3.5808479075559005,53.2688674927,6.1941928864,16.5831260681,100
65.2546101192319,1,10.3388118744,12.2375478745,509.5805969238,39.4702835083,3.145135202270611,52.3185501099,5.8861374855,16.0202560425,100
67.25245169127864,1,10.0177679062,11.2408103943,510.5797729492,39.5230369568,2.729075081138602,51.3798103333,5.5442266464,15.0569419861,100
69.11626016711186,1,9.6465778351,10.0452718735,511.5789794922,39.5744285583,2.315559849456491,50.4520645142,5.1732759476,13.9270935059,100
70.87001318930945,1,9.3239622116,8.5198736191,512.578125,39.6245956421,1.8726666881135954,49.5344276428,4.7778158188,12.6303014755,100
72.52594677044257,1,9.0390644073,6.6279096603,513.577331543,39.6736602783,1.3939546290305942,48.6255264282,4.3627462387,11.2086515427,100
74.0996477514418,1,8.7939720154,4.4602918625,514.5764770508,39.7217178345,0.9002353671690508,47.7233734131,3.9332854748,9.8604326248,100
75.60103815204947,1,8.5715150833,2.0867211819,515.5756835938,39.7688484192,0.4052226358962657,46.8256988525,3.4946000576,8.8218631744,100
77.03725907955273,1,7.9873156548,-0.4675458074,516.5748291016,39.8151664734,-0.08755377807676627,45.9300765991,3.0517897606,8.0009880066,100
78.28945229139816,1,-0.8395716548,-3.1605496407,517.5740356445,39.8615646362,-0.5756164854579908,45.0340270996,2.6098957062,3.2701611519,100
76.75448495273203,1,-10.9084215164,-5.4759449959,518.5731811523,39.9090995789,-1.0563602586121041,44.1351165771,2.1739194393,12.2057209015,0
74.59364760060193,1,-12.1821718216,-7.4730367661,519.5723876953,39.9579963684,-1.5261210324392442,43.2310447693,1.7488359213,14.2916612625,0
72.52756725262618,1,-11.3124017715,-9.1604299545,520.5715942383,40.0082740784,-1.9784447639632057,42.3197517395,1.3395965099,14.5562324524,0
70.55678635853091,1,-10.5629816055,-10.4431362152,521.5707397461,40.0599555969,-2.382757170458237,41.3994941711,0.951108098,14.8538103104,0
68.65212250754199,1,-9.9919557571,-11.2351207733,522.5699462891,40.1130714417,-2.707166819441671,40.4689369202,0.5880753994,15.035528183,0
66.78849942580045,1,-9.503610611,-11.7162618637,523.5690917969,40.1676712036,-2.9823207764679753,39.5274581909,0.2540287971,15.086066246,0
64.96809377740497,1,-8.9843111038,-12.1417970657,524.5682983398,40.2237968445,-3.265620806783176,38.575088501,-0.0479202755,15.1043395996,0
63.20871026683178,1,-8.4036216736,-12.5995759964,525.5674438477,40.2814712524,-3.5791696053119813,37.612071991,-0.3143022954,15.1449728012,0
61.52697256802194,1,-7.7609272003,-13.0944185257,526.5666503906,40.3406982422,-3.92475348257227,36.6389350891,-0.541252017,15.2215566635,0
59.944523730101004,1,-7.0395841599,-13.6291208267,527.5657958984,40.4014396667,-4.302093259148787,35.6565856934,-0.7244948149,15.3397741318,0
58.488774620020294,1,-6.2042651176,-14.2054100037,528.5650024414,40.4636230469,-4.708127088691399,34.6664276123,-0.8593681455,15.5011796951,0
57.20123979184817,1,-5.1719169617,-14.8277273178,529.5641479492,40.52709198,-5.135768222389893,33.6704788208,-0.940887332,15.7038288116,0
56.1519844973324,1,-3.0946502686,-15.5119876862,530.5633544922,40.5913619995,-5.572510154680888,32.6715316772,-0.9638807774,15.8176689148,0
55.78250084527932,1,-0.3500613272,-16.4472560883,531.5625,40.6557235718,-5.983552219769894,31.6732578278,-0.9232145548,16.4509811401,100
55.99029677584257,1,0.4483961165,-17.1649971008,532.561706543,40.7199668884,-6.072483417034045,30.6802864075,-0.8141198754,17.1708526611,100
55.99029677584257,1,1.8580368757,-15.2039337158,533.5608520508,40.7837257385,-5.382849888790223,29.6980171204,-0.6333313584,15.3170461655,100
56.84324371008503,1,5.830221653,-11.9898662567,534.5600585938,40.846031189,-4.009311653949598,28.7292861938,-0.3901794255,13.3322305679,100
58.62510111023911,1,1.3355076313,-7.811445713,535.5592041016,40.9080085754,-2.456491195057292,27.7725276947,-0.1030510291,7.9247879982,100
57.44850064151949,1,-8.5348749161,-2.726906538,536.5584106445,40.9721412659,-0.9389514431889693,26.8239498138,0.2106763572,8.9599170685,0
54.72494401284479,1,-11.3990755081,1.5244250298,537.5575561523,41.0395126343,0.5784711330806711,25.8785686493,0.5345956683,11.5005559921,0
52.05659363916509,1,-10.3870573044,5.1329030991,538.5567626953,41.1103057861,2.1515719144161807,24.9309310913,0.8524962664,11.5860967636,0
49.56609804232156,1,-8.9412918091,8.2975330353,539.5559692383,41.1844978333,3.8323359001501056,23.9757480621,1.1474123001,12.1981868744,0
47.39993919172864,1,-6.9225077629,11.1903743744,540.5551147461,41.261680603,5.641486950814017,23.0086555481,1.4006916285,13.1584806442,0
45.806452536197966,1,-1.5498564243,13.8972024918,541.5543212891,41.3395805359,7.482621645788143,22.0274963379,1.5913780928,13.9833583832,0
46.54541640734687,1,1.3205069304,16.6901569366,542.5534667969,41.4168586731,8.68540003135709,21.0340061188,1.696620822,16.7423152924,100
46.547067788665764,1,0.6610692143,16.1418418884,543.5526733398,41.4938354492,8.403618012613045,20.0355873108,1.6960508823,16.1553726196,100
46.911806724074616,1,3.6419172287,13.6959142685,544.5518188477,41.5692100525,6.929071953719418,19.042388916,1.5956128836,14.1718606949,100
48.531135262691784,1,8.405210495,11.3716831207,545.5510253906,41.641242981,5.204057303011106,18.0601558685,1.4170888662,14.1408185959,100
51.34281590514727,1,9.0227432251,8.9159030914,546.5501708984,41.7101020813,3.6176417101731553,17.0899543762,1.1809716225,12.6847629547,100
53.128381188215045,1,-1.5842704773,5.3763270378,547.5493774414,41.779499054,2.143460636854183,16.1299285889,0.9053484201,5.6048913002,0
50.53735046979962,1,-10.6546840668,1.205049634,548.5485229492,41.8527679443,0.536192903963911,15.1766090393,0.6062572002,10.7226133347,0
47.65229151372678,1,-10.3502788544,-3.0448412895,549.5477294922,41.930480957,-1.5234834040406255,14.2254123688,0.2994274795,10.788851738,0
44.92112342590126,1,-8.8236026764,-7.1809058189,550.546875,42.0126876831,-4.037239014901294,13.2692070007,0.0078193694,11.3763513565,0
42.58758456717234,1,-6.4993286133,-10.9050989151,551.546081543,42.0987510681,-6.800170487280964,12.3007297516,-0.2400513589,12.6949777603,0
41.0031684913852,1,-1.8053478003,-14.0924348831,552.5452270508,42.1859779358,-9.436672175854595,11.3163375854,-0.4121144712,14.2076034546,0
41.47517510241992,1,0.751591444,-17.9719791412,553.5444335938,42.2727050781,-10.66921993584996,10.3198404312,-0.4739080369,17.9876880646,100
41.47517510241992,1,0.8222786188,-15.8966245651,554.5435791016,42.3589019775,-9.460847625817278,9.3249292374,-0.4017448127,15.9178771973,100
41.9854965018828,1,4.5072021484,-11.9376420975,555.5427856445,42.4423713684,-6.828461561841009,8.3441734314,-0.2191186845,12.7601795197,100
44.2001256200995,1,9.6673030853,-8.4514312744,556.5419311523,42.5207595825,-4.2160601970039675,7.3799562454,0.0383138545,12.8406944275,100
47.57648591033127,1,6.3111810684,-4.3989572525,557.5411376953,42.5962219238,-1.9241426201747467,6.4284343719,0.3409885764,7.6929726601,100
47.75513719553024,1,-4.4129171371,0.4187927842,558.5403442383,42.6736907959,0.20626664544161874,5.4831223488,0.6641719341,4.432744503,0
45.11036277638978,1,-9.4531240463,4.2523207664,559.5394897461,42.7559738159,2.3733492263805007,4.5365872383,0.9854077697,10.3655099869,0
42.31910638819488,1,-8.6294879913,7.5442681313,560.5386962891,42.8435287476,4.7759333664265435,3.5815124512,1.2817082405,11.4622879028,0
39.84922730633815,1,-6.627948761,10.6343679428,561.5378417969,42.9358825684,7.565510258257507,2.6117649078,1.526730895,12.5307416916,0
38.04730270719783,1,-2.1004185677,13.6110935211,562.5370483398,43.029914856,10.561068158880481,1.6248352528,1.6881341934,13.7722043991,0
38.45991109591112,1,0.6123967171,18.0269355774,563.5361938477,43.1234397888,12.215655874464922,0.6264068484,1.7270262241,18.0373344421,100
38.461898933320846,1,0.6495926976,15.9065103531,564.5354003906,43.2164382935,10.813893589667126,-0.3647434115,1.6108618975,15.9197692871,100
38.89488351129319,1,4.3731594086,10.9333114624,565.5345458984,43.3061408997,7.191776821282991,-1.3321251869,1.3664941788,11.775475502,100
41.30175948491241,1,10.5009374619,5.8985433578,566.5337524414,43.3891639709,3.2857354985869636,-2.2768816948,1.0444802046,12.0441894531,100
45.35120692891445,1,13.861951828,-0.6427044868,567.5328979492,43.4652252197,-0.30173947946969437,-3.209785223,0.6882098317,13.8768434525,100
49.23258085305532,1,10.6666259766,-8.8187532425,568.5321044922,43.5369415283,-3.61020107398078,-4.1444358826,0.3353515267,13.8400621414,100
51.080665159587866,1,5.2921257019,-14.7815742493,569.53125,43.6067695618,-5.995753923245423,-5.0933499336,0.022398226,15.7003669739,100
51.94193423093261,1,1.7130297422,-17.5413532257,570.530456543,43.6760215759,-6.726774983336005,-6.0631742477,-0.2174110562,17.6247997284,100
51.94193423093261,1,0.5323389769,-16.5676612854,571.5296020508,43.745098114,-6.356802848128764,-7.0489587784,-0.3793294728,16.576210022,100
52.20669079372736,1,2.785063982,-15.3455314636,572.5288085938,43.8132743835,-5.783656057139639,-8.0439338684,-0.4692512751,15.5962152481,100
53.31250846683322,1,6.0435914993,-14.7808713913,573.5279541016,43.8796195984,-5.261944014005352,-9.0427732468,-0.4933564961,15.9686927795,100
55.123318251985395,1,8.1018743515,-14.5178852081,574.5271606445,43.9437141418,-4.844057670115454,-10.0414199829,-0.4576331973,16.6255626678,100
57.112858286113365,1,8.8263721466,-14.5556926727,575.5263061523,44.005607605,-4.547332058367281,-11.0366449356,-0.3672455847,17.0227203369,100
59.12497177350257,1,9.0781898499,-14.6487064362,576.5255126953,44.065448761,-4.298290125732891,-12.025724411,-0.225371629,17.2336330414,100
61.090953019317574,1,9.2176790237,-14.5826539993,577.5247192383,44.1234092712,-4.032550088734126,-13.0065374374,-0.0350731872,17.2516498566,100
63.03343040809567,1,9.5301618576,-14.3529138565,578.5238647461,44.1795959473,-3.745986513736172,-13.9774646759,0.2001957446,17.2287578583,100
65.00569445528443,1,9.8213977814,-13.9983158112,579.5230712891,44.2341156006,-3.4481025417544267,-14.9373893738,0.4767576456,17.1000785828,100
66.94725173987861,1,9.7329740524,-13.4724416733,580.5222167969,44.2871208191,-3.14674221710566,-15.8856582642,0.7908552885,16.6203937531,100
68.77413931664854,1,9.4106855392,-12.8011798859,581.5214233398,44.3387756348,-2.84786914808218,-16.8220291138,1.1387648582,15.8880844116,100
70.49384848152121,1,9.1114673615,-12.0161046982,582.5205688477,44.3892211914,-2.555626696168209,-17.7466125488,1.5168761015,15.0799732208,100
72.12372388670087,1,8.8572225571,-11.0644578934,583.5197753906,44.4385643005,-2.2566528782460336,-18.6598033905,1.9217438698,14.1729536057,100
73.67607020966383,1,8.6299915314,-9.5766401291,584.5189208984,44.4869003296,-1.8781536757344455,-19.5622310638,2.3501138687,12.8914232254,100
75.1587770006984,1,8.4165258408,-7.2262072563,585.5181274414,44.5343093872,-1.3660154250412724,-20.4550380707,2.7982897758,11.0930604935,100
76.57751594762723,1,4.6246738434,-4.2817735672,586.5172729492,44.5812339783,-0.7819578904327182,-21.3407745361,3.2604413033,6.3024749756,100
76.73582880897695,1,-3.2204623222,-1.0315579176,587.5164794922,44.6284980774,-0.1935487642884573,-22.2224407196,3.7304806709,3.3816399574,0
75.48049076312738,1,-10.3339490891,1.9741196632,588.515625,44.6768951416,0.3938306535655504,-23.1031417847,4.202498436,10.520819664,0
73.1650003668397,1,-12.8541574478,4.6572675705,589.514831543,44.7268180847,0.9887423464816865,-23.9860095978,4.6706142426,13.6718511581,0
70.93302659713872,1,-11.8727121353,7.082195282,590.5139770508,44.7782897949,1.599364032207872,-24.874130249,5.128824234,13.8245716095,0
68.83416581874734,1,-10.6494932175,9.3104829788,591.5131835938,44.8312797546,2.232128021431143,-25.7704696655,5.5708479881,14.1455574036,0
66.93190522539581,1,-9.1014289856,11.4022684097,592.5123291016,44.8856773376,2.890108318666046,-26.6777515411,5.9899959564,14.589302063,0
65.32008171597461,1,-7.0375967026,13.4243373871,593.5115356445,44.941242218,3.570860250510629,-27.5983123779,6.3790717125,15.1571969986,0
64.15100000972,1,-4.4243950844,15.3580789566,594.5106811523,44.9975814819,4.233006747327468,-28.5338821411,6.7303404808,15.982673645,0
63.54165067427946,1,-1.2138679028,16.7069988251,595.5098876953,45.0541381836,4.691039665234809,-29.485326767,7.0356125832,16.751039505,0
63.65906009583191,1,0.2913651764,17.5140380859,596.5090942383,45.1106414795,4.789237291730877,-30.4520511627,7.2878756523,17.5164604187,100
63.66029605656315,1,0.6698732376,17.0363941193,597.5082397461,45.1670265198,4.6591332900128455,-31.4311599731,7.4864196777,17.0495586395,100
63.93100583163533,1,2.4966480732,16.6623420715,598.5074462891,45.2229652405,4.482747069677498,-32.4193992615,7.6325821877,16.8483486176,100
64.66802306410155,1,4.3851151466,16.4567508698,599.5065917969,45.2781562805,4.304883821442082,-33.4137878418,7.7279834747,17.0309677124,100
65.68341302946958,1,5.4969778061,16.3105506897,600.5057983398,45.3324432373,4.130012621838197,-34.4116477966,7.7744250298,17.211938858,100
66.83323434469251,1,6.1656355858,16.2053813934,601.5049438477,45.3857727051,3.9618388462227325,-35.4105796814,7.7738099098,17.3386688232,100
68.07109727660217,1,6.6650400162,16.1355171204,602.5041503906,45.4381141663,3.8031799572574663,-36.4084663391,7.7280688286,17.4578819275,100
69.36794987688009,1,7.0490279198,16.0998420715,603.5032958984,45.4894752502,3.6560662194302873,-37.4034461975,7.6391062737,17.5753726959,100
70.70215596267522,1,7.4289526939,15.9404582977,604.5025024414,45.5398597717,3.4872732483256255,-38.3938751221,7.5087575912,17.5865726471,100
72.08822434246052,1,8.0016183853,14.9310626984,605.5016479492,45.5892486572,3.1428528478120192,-39.3783035278,7.3387589455,16.9399681091,100
73.57483814340948,1,8.0958499908,12.430685997,606.5008544922,45.6376876831,2.51136792384102,-40.3557548523,7.1322751045,14.8345794678,100
74.94034150652679,1,0.7171829343,8.7860050201,607.5,45.6860466003,1.7215931472910204,-41.3268737793,6.8976297379,8.8152275085,100
73.82685744227403,1,-9.9986457825,4.3951363564,608.499206543,45.7355804443,0.9164636862484654,-42.2932815552,6.6439938545,10.9220027924,0
71.40134592444326,1,-13.4037160873,0.5150780678,609.4983520508,45.7868347168,0.11483210389729442,-43.2570648193,6.3802728653,13.413608551,0
68.96469015904786,1,-12.7985677719,-2.9033205509,610.4975585938,45.8399009705,-0.6937682495244937,-44.2205810547,6.1152496338,13.1237421036,0
66.59746106531114,1,-11.7952232361,-5.9368004799,611.4967041016,45.8948249817,-1.5209560241809459,-45.186214447,5.8577804565,13.2050333023,0
64.38297614245909,1,-10.4152879715,-8.6711387634,612.4959106445,45.9515609741,-2.3760230313343036,-46.1561927795,5.6169958115,13.5523748398,0
62.41584819964143,1,-8.5880813599,-11.1945390701,613.4951171875,46.0099334717,-3.262068250729403,-47.1323204041,5.4024796486,14.1093177795,0
60.83033005889594,1,-6.0639491081,-13.6060495377,614.4942626953,46.0695495605,-4.171037299513302,-48.1156921387,5.2243628502,14.8961763382,0
59.84682101894318,1,-1.8152028322,-15.7820463181,615.4934692383,46.1295509338,-4.993774561470719,-49.1063041687,5.0932617188,15.8860931396,0
60.052526115819106,1,0.4761712551,-17.6401081085,616.4926147461,46.1894493103,-5.32936310405128,-50.1026496887,5.0199570656,17.6465339661,100
60.052526115819106,1,1.3514868021,-16.236825943,617.4918212891,46.2490577698,-4.907645454410701,-51.1014480591,5.0108771324,16.292974472,100
60.632576310938944,1,5.2774744034,-13.9353761673,618.4909667969,46.3075828552,-4.0634601075390915,-52.0990867615,5.0584864616,14.9012231827,100
62.286958074433535,1,9.0993537903,-11.633808136,619.4901733398,46.3643684387,-3.1767344320073385,-53.0934448242,5.1522188187,14.7696905136,100
64.40210607103513,1,10.2773284912,-9.0618276596,620.4893188477,46.4193611145,-2.3250049326585076,-54.0838165283,5.2818012238,13.7018327713,100
66.42290905039275,1,10.0185813904,-6.2298755646,621.4885253906,46.4727554321,-1.5103487361985521,-55.0705032349,5.4374847412,11.7975978851,100
68.31227445190044,1,9.6481075287,-3.1510248184,622.4876708984,46.5247344971,-0.7254109151916703,-56.054473877,5.6100597382,10.1496276855,100
70.08386650994679,1,9.3126335144,0.1924754828,623.4868774414,46.5754547119,0.04225163241591025,-57.0370941162,5.7907328606,9.3146219254,100
71.75608730965014,1,9.0295934677,3.8428776264,624.4860229492,46.6250343323,0.8070886615751149,-58.019908905,5.9709439278,9.8133211136,100
73.3447846164923,1,8.7856874466,7.6547107697,625.4852294922,46.673576355,1.5425219206769742,-59.0044174194,6.1421556473,11.6525917053,100
74.85994224812619,1,8.5638494492,10.6356172562,626.484375,46.7211647034,2.0617162955862103,-59.9919128418,6.2956476212,13.6548843384,100
76.3088523745581,1,8.3537168503,11.8152217865,627.483581543,46.7678794861,2.2086601285088205,-60.982963562,6.4241828918,14.4701089859,100
77.69627344462124,1,8.1491727829,11.7785015106,628.4827270508,46.8137817383,2.127971049448764,-61.976940155,6.5272798538,14.3227834702,100
79.02623606477114,1,7.9534659386,11.4552278519,629.4819335938,46.8589363098,2.0040255246987426,-62.9730873108,6.6062026024,13.9456033707,100
80.3036634791092,1,7.7695608139,11.0433168411,630.4810791016,46.9033889771,1.8739911029753522,-63.9707527161,6.662322998,13.5026264191,100
81.53274422200461,1,7.5940747261,10.5497913361,631.4802856445,46.9471855164,1.739224428016326,-64.9693603516,6.6970992088,12.9987716675,100
82.71656819546543,1,7.4245729446,9.9815073013,632.4794921875,46.9903755188,1.6009453269674976,-65.9684448242,6.7120575905,12.4400472641,100
83.8579781102175,1,7.262550354,9.3454065323,633.4786376953,47.032989502,1.4602130154455695,-66.9676132202,6.7087717056,11.8355932236,100
84.9600570012744,1,7.1090717316,8.6479187012,634.4778442383,47.0750656128,1.3179154176048116,-67.9665756226,6.688849926,11.1948823929,100
86.02553084981531,1,6.9696617126,7.8948121071,635.4769897461,47.1166267395,1.1747727929599048,-68.9651184082,6.6539206505,10.5311079025,100
87.05871865266506,1,6.8578372002,7.091691494,636.4761962891,47.1577072144,1.0313460786514386,-69.9630966187,6.6056227684,9.8651924133,100
88.06593754292996,1,6.7736487389,6.2431535721,637.4753417969,47.1983261108,0.8880327526906284,-70.96043396,6.5455965996,9.2119102478,100
89.05098466725227,1,6.7006421089,5.3519897461,638.4745483398,47.2385025024,0.7451073134275441,-71.9571151733,6.4754800797,8.5756864548,100
90.01491059299151,1,6.6297988892,4.4202857018,639.4736938477,47.2782516479,0.6027297765152095,-72.953163147,6.396903038,7.9682598114,100
90.95869035560771,1,6.5609822273,3.4494800568,640.4729003906,47.3176002502,0.46096530444366485,-73.9486465454,6.3114871979,7.4125165939,100
91.88321659346671,1,6.4913635254,2.4404394627,641.4720458984,47.3565559387,0.3198036527275333,-74.9436798096,6.220843792,6.9349508286,100
92.78856483774813,1,6.4132637978,1.3935086727,642.4712524414,47.3951377869,0.1791778597892978,-75.938369751,6.12657547,6.5629124641,100
93.67345106235913,1,6.3248114586,0.3087912202,643.4703979492,47.4333610535,0.03898234096647172,-76.9328765869,6.0302767754,6.3323450089,100
94.53743581421135,1,6.2342276573,-0.8136665225,644.4696044922,47.4712409973,-0.10090923520519336,-77.9273452759,5.9335365295,6.2871012688,100
95.3815009957592,1,6.1465950012,-1.9739611149,645.46875,47.5087890625,-0.24062644313106626,-78.9219284058,5.8379402161,6.4557843208,100
96.20656671154663,1,6.0617322922,-3.0656189919,646.467956543,47.5460243225,-0.3675100152404275,-79.9167785645,5.7450714111,6.7928357124,100
97.01346380166895,1,5.9794325829,-3.5854568481,647.4671020508,47.582950592,-0.422920110435643,-80.9120178223,5.6565151215,6.9720234871,100
97.80297504121995,1,5.898563385,-3.1295835972,648.4663085938,47.6195831299,-0.36338858085102477,-81.9077224731,5.5732779503,6.6773757935,100
98.57556734910611,1,5.818353653,-2.0750658512,649.4654541016,47.6559333801,-0.23729397735513666,-82.9037780762,5.4942822456,6.1773080826,100
99.33174884260092,1,5.7399306297,-0.8952580094,650.4646606445,47.6920127869,-0.10086925993982708,-83.9000396729,5.4179806709,5.8093280792,100
100.0722473651621,1,5.6638717651,0.3207260072,651.4638671875,47.7278251648,0.03561859742450588,-84.8963928223,5.3428239822,5.6729454994,100
100.79766716442626,1,5.5898156166,1.5728690624,652.4630126953,47.7633857727,0.1722404180509184,-85.8927154541,5.2672634125,5.8068885803,100
101.50857815593747,1,5.5176644325,2.8611769676,653.4622192383,47.79870224,0.30906302027747856,-86.8888931274,5.1897473335,6.2153806686,100
102.20552965533626,1,4.5003581047,4.1855249405,654.4613647461,47.833820343,0.4461583905215667,-87.8847961426,5.1087231636,6.1458802223,100
102.65037259178192,1,2.1569385529,5.4951133728,655.4605712891,47.8688430786,0.5835395062772425,-88.8802719116,5.0226378441,5.903275013,100
102.7506364884908,1,3.1164314747,6.7906236649,656.4597167969,47.9037361145,0.7211167512157695,-89.8751525879,4.9299349785,7.4715938568,100
103.43365596159522,1,2.7675452232,8.0872058868,657.4589233398,47.9385108948,0.8587890842299765,-90.8692321777,4.8290610313,8.5476436615,100
103.44585077615938,1,0.0487212688,9.3830337524,658.4580688477,47.9732818604,0.9963686782954634,-91.8622741699,4.7184638977,9.3831605911,100
103.44585077615938,1,0,10.6753282547,659.4572753906,48.0080528259,1.1335616748182638,-92.8539886475,4.596599102,10.6753282547,100
103.44585077615938,1,0,11.9602184296,660.4564208984,48.0428276062,1.269955641588709,-93.8440322876,4.461933136,11.9602184296,100
103.44585077615938,1,0,13.2326259613,661.4556274414,48.0775985718,1.4050103596200811,-94.8320083618,4.312951088,13.2326259613,100
103.44585077615938,1,0,14.4861822128,662.4547729492,48.1123695374,1.5380489995985707,-95.8174514771,4.1481671333,14.4861822128,100
103.44585077615938,1,0,15.7131948471,663.4539794922,48.1471443176,1.668254495060431,-96.7998352051,3.966132164,15.7131948471,100
103.44585077615938,1,0,16.9046764374,664.453125,48.1819152832,1.794673186403557,-97.7785491943,3.7654480934,16.9046764374,100
103.44585077615938,1,0,18.0504589081,665.452331543,48.2166862488,1.916226434741991,-98.7529220581,3.5447819233,18.0504589081,100
103.44585077615938,1,0,14.0947237015,666.4514770508,48.2514610291,1.496505651879423,-99.7222061157,3.3028819561,14.0947237015,100