vCar,gLong,gLat,sRun,tRun,IDraw,RInternal,rSoc,ECapacity,QCellDischarge,VCell,VBattery,xCar,yCar
0,0,28.2335681915,0,0,0,0.1381396651,1,7429.2211914062,0,0,590.6400146484,-9377234,5171270
0.8888665657467474,5.0203309059,12.5106487274,4.9983296394,0.9738070369,5.5025339127,0.1381396651,0.9999620914,7428.939453125,0,0,588.8425292969,-9377239,5171270.5
36.06706327894938,5.7170963287,16.57746315,9.9966592789,1.4564394951,144.2566223145,0.1381407827,0.9990213513,7421.9506835938,0,0,552.7138061523,-9377243,5171270
38.49888163065469,0.7028377056,18.7523155212,14.9949884415,1.9237672091,144.7403717041,0.1381682903,0.9981042147,7415.13671875,0,0,552.5979614258,-9377248,5171268
38.50905427571657,1.2680140734,16.3160114288,19.9933185577,2.3677248955,144.7707061768,0.1381951272,0.9972243309,7408.6000976562,0,0,552.5824584961,-9377251,5171264
42.55258970652823,4.576318264,15.4060945511,24.9916477203,2.7497124672,144.7747802734,0.1382208765,0.996424973,7402.6611328125,0,0,552.573059082,-9377254,5171260
51.65976091843126,7.5591473579,14.6365375519,29.9899768829,3.0680344105,144.7772216797,0.1382442564,0.9957031012,7397.2983398438,0,0,552.5648803711,-9377255,5171255
61.39540452735637,8.3629646301,12.3243379593,34.9883041382,3.3428890705,144.7793884277,0.1382653713,0.9950383902,7392.3603515625,0,0,552.557434082,-9377255,5171250
69.53908239961407,7.8253726959,8.1183052063,39.9866371155,3.5899274349,144.7813262939,0.1382848173,0.9944149852,7387.728515625,0,0,552.5505981445,-9377255,5171245
76.13837216410226,7.0199794769,3.5391285419,44.9849662781,3.8181116581,144.7831115723,0.1383030564,0.9938225746,7383.3276367188,0,0,552.5441894531,-9377255,5171240
81.57604405316475,7.2222061157,-0.5430130363,49.9832954407,4.0308747292,144.7847900391,0.1383204013,0.9932249188,7378.8876953125,0,0,552.5381469727,-9377254,5171235
87.56950697067441,-0.3127087653,-4.6864557266,54.9816246033,4.24426651,0,0.1383378804,0.9932249188,7378.8876953125,0,0,590.5748291016,-9377253,5171230
81.077890002088,-8.02348423,-9.642575264,59.9799537659,4.475194931,0,0.1383378804,0.9932249188,7378.8876953125,0,0,590.5748291016,-9377253,5171225
74.76249359560512,-3.5447897911,-14.9621181488,64.9782791138,4.7151732445,0,0.1383378804,0.9932249188,7378.8876953125,0,0,590.5748291016,-9377253,5171220
75.20055248003801,0.2535318434,-21.3056850433,69.9766082764,4.9544534683,144.2506103516,0.1383378804,0.9925462604,7373.845703125,0,0,552.6503295898,-9377253,5171215
75.20055248003801,1.8965437412,-13.0642299652,74.974937439,5.1887493134,144.7570037842,0.1383577287,0.9918885231,7368.9594726562,0,0,552.5319824219,-9377255,5171210.5
78.39988540021167,5.5648164749,0.9806524515,79.973274231,5.4100174904,144.7879943848,0.138376981,0.9912703633,7364.3666992188,0,0,552.5188598633,-9377258,5171206.5
84.24392750829799,6.7030930519,11.412771225,84.9716033936,5.618001461,144.7914428711,0.1383950561,0.9906801581,7359.9819335938,0,0,552.5121459961,-9377261,5171202
88.7885146321883,4.297911644,12.9144849777,89.9699325562,5.8186016083,144.7931976318,0.1384123266,0.9901005626,7355.6762695312,0,0,552.5060424805,-9377263,5171197.5
90.61282729013817,4.6588716507,9.8177833557,94.9682617188,6.0121293068,144.7947845459,0.1384292841,0.989520967,7351.3701171875,0,0,552.5001220703,-9377264,5171193
95.34450456551633,4.0518536568,6.76567173,99.9665908813,6.1999812126,144.7963409424,0.1384462416,0.9889413714,7347.0639648438,0,0,552.4942016602,-9377265,5171188
96.23186957822433,0.656073153,4.2834720612,104.9649200439,6.3869667053,144.7978973389,0.1384631991,0.9883617759,7342.7583007812,0,0,552.48828125,-9377267,5171183
96.23186957822433,0,2.2662591934,109.9632492065,6.573952198,144.7994537354,0.1384801567,0.9877821803,7338.4521484375,0,0,552.4823608398,-9377267,5171178
96.23186957822433,0,0.6369299293,114.9615783691,6.7609376907,144.800994873,0.1384971142,0.9872025847,7334.1459960938,0,0,552.4764404297,-9377268,5171173
96.23186957822433,0,-0.6029720306,119.9599075317,6.9479236603,144.8025512695,0.1385140717,0.9866229892,7329.8403320312,0,0,552.4705200195,-9377269,5171168.5
96.23186957822433,0,-1.3680028915,124.9582366943,7.134909153,144.804107666,0.1385310292,0.986043334,7325.5341796875,0,0,552.4645996094,-9377270,5171163.5
96.23186957822433,0,-1.5351637602,129.9565582275,7.3218946457,144.8056488037,0.1385479867,0.9854637384,7321.2280273438,0,0,552.4586791992,-9377271,5171158.5
96.23186957822433,0,-1.0382894278,134.9548950195,7.5088801384,144.8072052002,0.1385649443,0.9848841429,7316.921875,0,0,552.4527587891,-9377272,5171153.5
96.23186957822433,0,-0.0099310502,139.9532165527,7.6958656311,144.8087615967,0.1385819018,0.9843044877,7312.6157226562,0,0,552.4468383789,-9377273,5171148.5
96.23186957822433,0,1.1744847298,144.9515533447,7.8828511238,144.8103027344,0.1385988593,0.9837248921,7308.3095703125,0,0,552.4409179688,-9377274,5171143.5
96.23186957822433,0,2.0228669643,149.9498748779,8.0698366165,144.8118591309,0.1386158168,0.983145237,7304.0034179688,0,0,552.4350585938,-9377275,5171139
96.23186957822433,0,2.1183059216,154.9482116699,8.2568225861,144.8134155273,0.1386327744,0.9825656414,7299.697265625,0,0,552.4291381836,-9377275,5171134
96.23186957822433,0,1.3347066641,159.9465484619,8.4438085556,144.814956665,0.1386497319,0.9819859862,7295.3911132812,0,0,552.4232177734,-9377276,5171129
96.23186957822433,0,-0.1059979796,164.9448699951,8.6307935715,144.8165130615,0.1386666894,0.9814063311,7291.0849609375,0,0,552.4172973633,-9377277,5171124
96.23186957822433,0,-1.813919425,169.9432067871,8.817779541,144.818069458,0.1386836469,0.9808267355,7286.7783203125,0,0,552.4113769531,-9377278,5171119
96.23186957822433,0,-3.3921055794,174.9415283203,9.0047645569,144.8196105957,0.1387006044,0.9802470803,7282.4721679688,0,0,552.405456543,-9377278,5171114
96.23186957822433,0,-4.493803978,179.9398651123,9.1917505264,144.8211669922,0.138717562,0.9796674252,7278.166015625,0,0,552.3995361328,-9377279,5171109
96.23186957822433,0,-4.8369140625,184.9381866455,9.3787355423,144.8227233887,0.1387345195,0.97908777,7273.8598632812,0,0,552.3936157227,-9377280,5171104.5
96.23186957822433,0,-4.1820912361,189.9365234375,9.5657215118,144.8242645264,0.138751477,0.9785081148,7269.5532226562,0,0,552.3876953125,-9377282,5171099.5
96.23186957822433,0,-2.3544745445,194.9348449707,9.7527074814,144.8258209229,0.1387684345,0.9779284596,7265.2470703125,0,0,552.3817749023,-9377283,5171094.5
96.23186957822433,0,0.150522843,199.9331817627,9.9396924973,144.8273773193,0.138785392,0.9773488045,7260.9404296875,0,0,552.3758544922,-9377285,5171090
96.23186957822433,0,1.0110287666,204.9315032959,10.1266784668,144.8289337158,0.1388023496,0.9767691493,7256.6342773438,0,0,552.369934082,-9377286,5171085
96.23186957822433,0,-2.2286040783,209.9298400879,10.3136634827,144.8304748535,0.1388193071,0.9761894941,7252.3276367188,0,0,552.3640136719,-9377287,5171080.5
96.23186957822433,0,-7.8451972008,214.9281616211,10.5006494522,144.83203125,0.1388362795,0.975609839,7248.0209960938,0,0,552.3580932617,-9377289,5171075.5
96.23186957822433,0,-10.9720249176,219.9264984131,10.6876354218,144.8335876465,0.138853237,0.9750301838,7243.71484375,0,0,552.3521728516,-9377291,5171071
96.23186957822433,0,-9.1310882568,224.9248199463,10.8746204376,144.8351287842,0.1388701946,0.9744505286,7239.408203125,0,0,552.3462524414,-9377293,5171066.5
96.23186957822433,0,-3.6174457073,229.9231567383,11.0616064072,144.8366851807,0.1388871521,0.9738708138,7235.1015625,0,0,552.3403320312,-9377295,5171062
96.23186957822433,0,2.8371098042,234.9214782715,11.248591423,144.8382415771,0.1389041096,0.9732911587,7230.7954101562,0,0,552.3344116211,-9377298,5171057.5
96.23186957822433,0,8.0871515274,239.9198150635,11.4355773926,144.8397979736,0.1389210671,0.9727115035,7226.4887695312,0,0,552.3284912109,-9377300,5171053.5
96.23186957822433,0,11.4362134933,244.9181365967,11.6225633621,144.8413391113,0.1389380246,0.9721317887,7222.1821289062,0,0,552.3225708008,-9377302,5171049
96.23186957822433,0,13.2431411743,249.9164733887,11.809548378,144.8428955078,0.1389549822,0.9715521336,7217.8754882812,0,0,552.3166503906,-9377304,5171044
96.23186957822433,0,14.0064754486,254.9147949219,11.9965343475,144.8444519043,0.1389719397,0.9709724188,7213.5688476562,0,0,552.3107299805,-9377306,5171039.5
96.23186957822433,0,13.9183998108,259.9131164551,12.1835193634,144.8460083008,0.1389889121,0.970392704,7209.2622070312,0,0,552.3048095703,-9377306,5171034.5
96.23186957822433,0,12.9240179062,264.9114685059,12.3705053329,144.8475494385,0.1390058696,0.9698130488,7204.9555664062,0,0,552.2988891602,-9377307,5171029.5
96.23186957822433,0,10.9720640182,269.9097900391,12.5574913025,144.849105835,0.1390228271,0.9692333341,7200.6489257812,0,0,552.29296875,-9377307,5171024.5
96.23186957822433,0,8.2009477615,274.9081115723,12.7444763184,144.8506622314,0.1390397847,0.9686536193,7196.3422851562,0,0,552.2870483398,-9377306,5171019.5
96.23186957822433,0,4.8978042603,279.9064331055,12.9314622879,144.8522186279,0.1390567422,0.9680739641,7192.03515625,0,0,552.2811279297,-9377306,5171014.5
96.23186957822433,0,1.3519488573,284.9047851562,13.1184473038,144.8537597656,0.1390736997,0.9674942493,7187.728515625,0,0,552.2752075195,-9377305,5171009.5
96.23186957822433,0,-2.2397806644,289.9031066895,13.3054332733,144.8553161621,0.1390906721,0.9669145346,7183.421875,0,0,552.2692871094,-9377304,5171005
96.23186957822433,0,-5.7853684425,294.9014282227,13.4924192429,144.8568725586,0.1391076297,0.9663348198,7179.1147460938,0,0,552.2633666992,-9377303,5171000
96.23186957822433,0,-9.2614202499,299.8997497559,13.6794042587,144.8584289551,0.1391245872,0.965755105,7174.8081054688,0,0,552.2574462891,-9377302,5170995
96.23186957822433,0,-12.6076984406,304.8981018066,13.8663902283,144.8599700928,0.1391415447,0.9651753902,7170.5014648438,0,0,552.2515258789,-9377302,5170990
96.23186957822433,0,-15.5106201172,309.8964233398,14.0533752441,144.8615264893,0.1391585022,0.9645956755,7166.1943359375,0,0,552.2456054688,-9377302,5170985
96.23186957822433,0,-17.232831955,314.894744873,14.2403612137,144.8630828857,0.1391754597,0.9640159607,7161.8876953125,0,0,552.2396850586,-9377302,5170980
96.23186957822433,0,-16.8010520935,319.8930969238,14.4273462296,144.8646392822,0.1391924322,0.9634361863,7157.5805664062,0,0,552.2337646484,-9377304,5170975
96.23186957822433,0,-13.7337026596,324.891418457,14.6143321991,144.8661804199,0.1392093897,0.9628564715,7153.2739257812,0,0,552.2278442383,-9377306,5170970.5
96.23186957822433,0,-8.6846761703,329.8897399902,14.8013181686,144.8677368164,0.1392263472,0.9622767568,7148.966796875,0,0,552.2219238281,-9377308,5170966
96.23186957822433,0,-3.0587468147,334.8880615234,14.9883031845,144.8692932129,0.1392433047,0.961697042,7144.6596679688,0,0,552.216003418,-9377310,5170961.5
96.23186957822433,0,1.8002810478,339.8864135742,15.1752891541,144.8708496094,0.1392602772,0.9611172676,7140.3525390625,0,0,552.2100830078,-9377313,5170957.5
96.23186957822433,0,4.9817128181,344.8847351074,15.3622741699,144.8724060059,0.1392772347,0.9605375528,7136.0458984375,0,0,552.2041625977,-9377316,5170953
96.23186957822433,0,6.2593898773,349.8830566406,15.5492601395,144.8739471436,0.1392941922,0.9599577785,7131.7387695312,0,0,552.1982421875,-9377318,5170949
96.23186957822433,0,6.1296834946,354.8813781738,15.736246109,144.87550354,0.1393111497,0.9593780637,7127.431640625,0,0,552.1923217773,-9377320,5170944.5
96.23186957822433,0,5.468943119,359.8797302246,15.9232311249,144.8770599365,0.1393281072,0.9587982893,7123.1245117188,0,0,552.1864013672,-9377322,5170939.5
96.23186957822433,0,5.1794676781,364.8780517578,16.1102161407,144.878616333,0.1393450797,0.9582185745,7118.8173828125,0,0,552.180480957,-9377324,5170935
96.23186957822433,0,5.6093220711,369.876373291,16.297203064,144.8801727295,0.1393620372,0.9576388001,7114.5102539062,0,0,552.1745605469,-9377326,5170930.5
96.23186957822433,0,5.8711462021,374.8746948242,16.4841880798,144.8817138672,0.1393789947,0.9570590258,7110.203125,0,0,552.1686401367,-9377327,5170925.5
96.23186957822433,0,4.0239443779,379.873046875,16.6711730957,144.8832702637,0.1393959671,0.9564792514,7105.8959960938,0,0,552.1627197266,-9377328,5170921
96.23186957822433,0,-1.9168604612,384.8713684082,16.8581600189,144.8848266602,0.1394129246,0.9558995366,7101.5888671875,0,0,552.1567993164,-9377329,5170916
96.23186957822433,-3.0449225903,-11.3501424789,389.8696899414,17.0493068695,0,0.1394298822,0.9558995366,7101.5888671875,0,0,590.2156982422,-9377331,5170911
92.04125479699616,-9.9315786362,-15.8331356049,394.8680114746,17.2563533783,0,0.1394298822,0.9558995366,7101.5888671875,0,0,590.2156982422,-9377332,5170906
81.77512302594157,-12.7982053757,-6.1306214333,399.8663635254,17.4906845093,0,0.1394298822,0.9558995366,7101.5888671875,0,0,590.2156982422,-9377334,5170902
71.80119988336008,-1.368072629,8.818400383,404.8646850586,17.7284183502,0,0.1394298822,0.9558995366,7101.5888671875,0,0,590.2156982422,-9377337,5170897.5
79.57817501529998,4.5465979576,21.6088428497,409.8630065918,17.9545288086,144.3488006592,0.1394298822,0.9552010298,7096.3994140625,0,0,552.26953125,-9377339,5170893
79.58325618803504,-3.2935612202,10.2126579285,414.861328125,18.1888160706,0,0.1394503266,0.9552010298,7096.3994140625,0,0,590.208984375,-9377340,5170888
74.0221667345866,-2.7638180256,-10.2829809189,419.8596801758,18.430393219,0,0.1394503266,0.9552010298,7096.3994140625,0,0,590.208984375,-9377340,5170883
74.94900696599443,0.532864511,-21.3876743317,424.858001709,18.6704769135,144.3506469727,0.1394503266,0.9545172453,7091.3198242188,0,0,552.2623901367,-9377340,5170878
74.94900696599443,1.9081267118,-11.4500923157,429.8563232422,18.9054965973,144.8586730957,0.1394703239,0.9538550973,7086.400390625,0,0,552.1436767578,-9377343,5170873.5
78.17783128721496,5.6024932861,2.9929141998,434.8546447754,19.1272945404,144.8898162842,0.1394896954,0.9532334208,7081.7817382812,0,0,552.1304321289,-9377345,5170869.5
84.07753970220824,3.8788576126,13.7564210892,439.8529968262,19.3409500122,144.8932952881,0.1395078897,0.9526136518,7077.177734375,0,0,552.1237182617,-9377348,5170865
84.36134379648495,1.4197460413,16.3403587341,444.8513183594,19.5519008636,144.8950653076,0.1395260096,0.9519721866,7072.412109375,0,0,552.1173706055,-9377349,5170860.5
86.23750501515599,1.9379733801,18.0357189178,449.8496398926,19.7592945099,144.8967285156,0.139544785,0.951338172,7067.7016601562,0,0,552.1108398438,-9377351,5170855.5
87.28682897421682,0.705904901,20.0822925568,454.8479919434,19.9654369354,144.8984527588,0.139563337,0.9507166743,7063.0844726562,0,0,552.104309082,-9377351,5170850.5
87.29155995795203,1.7178438902,15.9103918076,459.8463134766,20.1686534882,144.9001464844,0.1395815164,0.9501114488,7058.587890625,0,0,552.0979614258,-9377351,5170845.5
89.80036837582529,4.0323839188,7.7799057961,464.8446350098,20.3654327393,144.9018096924,0.139599219,0.9495266676,7054.2431640625,0,0,552.091796875,-9377350,5170840.5
93.08415175931859,2.9223880768,-3.7464687824,469.842956543,20.5578765869,144.9034423828,0.1396163255,0.9489468336,7049.9360351562,0,0,552.0858154297,-9377348,5170836
93.9219616056707,2.2998201847,-12.431350708,474.8413085938,20.747133255,144.9050140381,0.1396332979,0.9483670592,7045.6284179688,0,0,552.0798950195,-9377347,5170831
96.23186957822433,1.6951583624,-14.7639951706,479.839630127,20.9341182709,144.9065704346,0.1396502554,0.9477872252,7041.3208007812,0,0,552.0739746094,-9377346,5170826
96.23186957822433,0,-11.2475013733,484.8379516602,21.1211032867,144.9081268311,0.139667213,0.9472074509,7037.0131835938,0,0,552.0680541992,-9377346,5170821
96.23186957822433,0,-5.7239246368,489.8362731934,21.30809021,144.9096832275,0.1396841854,0.9466276169,7032.7060546875,0,0,552.0621337891,-9377346,5170816
96.23186957822433,0,-2.3118934631,494.8346252441,21.4950752258,144.9112243652,0.1397011429,0.9460477829,7028.3984375,0,0,552.0562133789,-9377347,5170811
96.23186957822433,0,-2.6885108948,499.8329467773,21.6820602417,144.9127807617,0.1397181153,0.9454680085,7024.0908203125,0,0,552.0502929688,-9377347,5170806
96.23186957822433,0,-4.7655658722,504.8312683105,21.8690471649,144.9143371582,0.1397350729,0.9448881745,7019.783203125,0,0,552.0443725586,-9377348,5170801
96.23186957822433,0,-5.2402291298,509.8295898438,22.0560321808,144.9158935547,0.1397520304,0.9443083405,7015.4755859375,0,0,552.0384521484,-9377348,5170796.5
96.23186957822433,0,-3.3977067471,514.8279418945,22.2430171967,144.9174499512,0.1397690028,0.9437285066,7011.16796875,0,0,552.0325317383,-9377349,5170791.5
96.23186957822433,0,-0.6482541561,519.8262329102,22.4300022125,144.9190063477,0.1397859603,0.9431486726,7006.8603515625,0,0,552.0266113281,-9377350,5170786.5
96.23186957822433,0,1.7893431187,524.8245849609,22.6169891357,144.9205627441,0.1398029327,0.9425688386,7002.5522460938,0,0,552.020690918,-9377351,5170781.5
96.23186957822433,0,3.2909715176,529.8229370117,22.8039741516,144.9221038818,0.1398198903,0.9419890046,6998.2446289062,0,0,552.0147705078,-9377352,5170776.5
96.23186957822433,0,3.3908238411,534.8212280273,22.9909591675,144.9236602783,0.1398368478,0.9414091706,6993.9370117188,0,0,552.0088500977,-9377353,5170771.5
96.23186957822433,0,1.7773835659,539.8195800781,23.1779460907,144.9252166748,0.1398538202,0.9408293366,6989.6293945312,0,0,552.0029296875,-9377354,5170767
96.23186957822433,0,-1.2966656685,544.8179321289,23.3649311066,144.9267730713,0.1398707777,0.9402495027,6985.3212890625,0,0,551.9969482422,-9377355,5170762
96.23186957822433,0,-4.6565771103,549.8162231445,23.5519161224,144.9283294678,0.1398877501,0.9396696687,6981.013671875,0,0,551.991027832,-9377355,5170757
96.23186957822433,0,-6.3943424225,554.8145751953,23.7389011383,144.9298858643,0.1399047077,0.9390898347,6976.7060546875,0,0,551.9851074219,-9377356,5170752
96.23186957822433,0,-4.6812739372,559.8128662109,23.9258880615,144.9314422607,0.1399216801,0.9385099411,6972.3979492188,0,0,551.9791870117,-9377357,5170747
96.23186957822433,-4.9003071785,0.3302743137,564.8112182617,24.119764328,0,0.1399386376,0.9385099411,6972.3979492188,0,0,590.0484008789,-9377359,5170742.5
89.39149190216648,-11.980884552,4.3235249519,569.8095703125,24.3341655731,0,0.1399386376,0.9385099411,6972.3979492188,0,0,590.0484008789,-9377360,5170737.5
78.46125772667381,-13.4773988724,2.3466086388,574.8078613281,24.5814495087,0,0.1399386376,0.9385099411,6972.3979492188,0,0,590.0484008789,-9377361,5170732.5
67.07212499226,-11.0586452484,-4.4105067253,579.8062133789,24.8706550598,0,0.1399386376,0.9385099411,6972.3979492188,0,0,590.0484008789,-9377362,5170727.5
57.364894751564194,-5.1487631798,-10.7963762283,584.8045654297,25.1873970032,0,0.1399386376,0.9385099411,6972.3979492188,0,0,590.0484008789,-9377363,5170723
56.25440789263368,0.444840461,-16.1679992676,589.8028564453,25.5013847351,144.3946075439,0.1399386376,0.9375650883,6965.3784179688,0,0,552.0921020508,-9377365,5170718.5
58.360900729359415,0.9317806363,-19.8085441589,594.8012084961,25.8097076416,144.9033508301,0.1399662793,0.9366569519,6958.6313476562,0,0,551.9707641602,-9377368,5170715
58.360900729359415,2.0416002274,-12.7153511047,599.7994995117,26.1069068909,144.9352111816,0.139992848,0.9358046055,6952.2993164062,0,0,551.9549560547,-9377373,5170713
62.72957628105897,1.4220424891,0.8419487476,604.7978515625,26.3967437744,144.9393615723,0.1400177926,0.9349523187,6945.9677734375,0,0,551.9458618164,-9377378,5170712
61.436671889422485,3.1026325226,13.0136919022,609.7962036133,26.6729850769,144.9417572021,0.1400427222,0.9340956807,6939.6030273438,0,0,551.9371337891,-9377383,5170711.5
68.83990617075506,3.7252526283,21.3413658142,614.7944946289,26.9343643188,144.9440460205,0.140067786,0.9332851171,6933.5815429688,0,0,551.9284057617,-9377387,5170709
68.84566712194629,0.1613364667,17.4790725708,619.7928466797,27.1951675415,144.9463348389,0.1400914937,0.9324780107,6927.5849609375,0,0,551.9201049805,-9377391,5170705.5
69.14287452570038,2.6819989681,11.6913452148,624.7911987305,27.4470729828,144.9485168457,0.1401151121,0.93171978,6921.9521484375,0,0,551.9118041992,-9377394,5170701.5
73.72019401464478,6.3945775032,9.9545240402,629.7894897461,27.6808280945,144.9506835938,0.1401372999,0.9310239553,6916.7827148438,0,0,551.9040527344,-9377396,5170697
80.23499898336081,-0.2870324552,10.5099983215,634.7878417969,27.9153556824,0,0.1401576549,0.9310239553,6916.7827148438,0,0,589.9763793945,-9377397,5170692
73.21401995046403,-9.2412528992,10.1191577911,639.7861938477,28.1784267426,0,0.1401576549,0.9310239553,6916.7827148438,0,0,589.9763793945,-9377399,5170687.5
63.58558221853421,-9.4193668365,10.5222454071,644.7844848633,28.4843959808,0,0.1401576549,0.9310239553,6916.7827148438,0,0,589.9763793945,-9377399,5170682.5
54.033437608089905,-6.9435319901,11.2868013382,649.7828369141,28.8392925262,0,0.1401576549,0.9310239553,6916.7827148438,0,0,589.9763793945,-9377399,5170677.5
47.370530188135845,-2.7423479557,12.7860393524,654.7811279297,29.2206382751,0,0.1401576549,0.9310239553,6916.7827148438,0,0,589.9763793945,-9377398,5170672.5
47.00036675762659,0.6596768498,16.0167140961,659.7794799805,29.594959259,144.4143371582,0.1401576549,0.929895401,6908.3984375,0,0,552.0157470703,-9377395,5170668.5
49.141610695951435,0.7974778414,19.576669693,664.7778320312,29.9610958099,144.9234008789,0.1401906759,0.9288128018,6900.3559570312,0,0,551.8925170898,-9377390,5170666.5
49.149479647056275,1.6747361422,15.2586555481,669.7761230469,30.3121166229,144.9557647705,0.1402223408,0.9278063178,6892.8784179688,0,0,551.875,-9377385,5170667
53.37456057175154,2.7328221798,6.742890358,674.7744750977,30.6414794922,144.9603729248,0.1402517855,0.9268439412,6885.728515625,0,0,551.8642578125,-9377381,5170669
55.89079505468395,2.5775845051,-10.9051647186,679.7728271484,30.9538936615,144.963180542,0.1402799487,0.9259310365,6878.9462890625,0,0,551.8543701172,-9377377,5170672.5
59.30201630978695,-1.246336937,-22.4385261536,684.7711181641,31.2745704651,0,0.1403066516,0.9259310365,6878.9462890625,0,0,589.9274291992,-9377372,5170674
52.92295418247665,-5.5754995346,-1.1101343632,689.7694702148,31.6401424408,0,0.1403066516,0.9259310365,6878.9462890625,0,0,589.9274291992,-9377367,5170673.5
45.519719901504075,-2.3495056629,12.2296085358,694.7677612305,32.0298805237,0,0.1403066516,0.9259310365,6878.9462890625,0,0,589.9274291992,-9377362,5170672.5
46.81934998056001,0.4661434889,23.8382492065,699.7661132812,32.4141731262,144.4277496338,0.1403066516,0.9249227643,6871.4555664062,0,0,551.9638061523,-9377358,5170674
46.82765151811878,0.3398710787,16.6868343353,704.764465332,32.7946815491,144.9370422363,0.1403361559,0.9239251018,6864.0439453125,0,0,551.8416748047,-9377355,5170678
47.750567573385936,3.6663246155,7.7982420921,709.7627563477,33.1413497925,144.9691162109,0.1403653324,0.923037529,6857.4497070312,0,0,551.825012207,-9377353,5170682.5
56.06087014450388,8.7061805725,-1.0800229311,714.7611083984,33.4329605103,144.9734954834,0.1403913051,0.922275722,6851.7905273438,0,0,551.8154907227,-9377352,5170687.5
67.34983854552917,9.8053865433,-13.5848636627,719.7594604492,33.6850852966,144.9759979248,0.1404135972,0.9215846658,6846.65625,0,0,551.8076171875,-9377351,5170692.5
75.38915325079739,4.4286594391,-19.518409729,724.7577514648,33.9237670898,144.9780578613,0.1404338181,0.9209205508,6841.7221679688,0,0,551.8005371094,-9377349,5170697
75.38915325079739,1.8543746471,-11.7429981232,729.7561035156,34.1576042175,144.9799346924,0.1404532343,0.9202775955,6836.9458007812,0,0,551.7937011719,-9377346,5170701.5
78.51125234611811,5.4274277687,2.1766035557,734.7543945312,34.378780365,144.9817199707,0.1404720545,0.9196709394,6832.4384765625,0,0,551.787109375,-9377343,5170705
84.2011907260474,5.9610118866,15.6800842285,739.752746582,34.5880126953,144.9834442139,0.1404898018,0.919085443,6828.0888671875,0,0,551.7808837891,-9377340,5170709
87.79859232840613,5.8818483353,16.2979564667,744.7510986328,34.7872695923,144.9850769043,0.1405069232,0.9184949994,6823.7026367188,0,0,551.7749023438,-9377337,5170713
92.81112112478309,-2.9655878544,8.6968536377,749.7493896484,34.9916114807,0,0.1405242085,0.9184949994,6823.7026367188,0,0,589.8558349609,-9377335,5170718
83.30768024105579,-10.1512527466,8.9456529617,754.7477416992,35.2156105042,0,0.1405242085,0.9184949994,6823.7026367188,0,0,589.8558349609,-9377334,5170722.5
77.35362387770088,-3.487030983,15.3824596405,759.74609375,35.4477157593,0,0.1405242085,0.9184949994,6823.7026367188,0,0,589.8558349609,-9377332,5170727.5
77.69578592689125,0.2078929842,21.0981235504,764.7443847656,35.6793022156,144.4473571777,0.1405242085,0.9178325534,6818.78125,0,0,551.8879394531,-9377332,5170732
77.70103189417448,1.8608263731,14.1366567612,769.7427368164,35.9064407349,144.9569702148,0.1405435801,0.9171891212,6814.0009765625,0,0,551.7690429688,-9377332,5170737
80.73907878017697,5.4346427917,6.3853850365,774.7410888672,36.1219024658,144.9881896973,0.1405624002,0.9165819883,6809.490234375,0,0,551.7559814453,-9377333,5170742
86.2881038822369,2.3381989002,0.593506217,779.7393798828,36.3327331543,144.9916381836,0.1405801773,0.9159575105,6804.8510742188,0,0,551.7493896484,-9377335,5170747
84.40768546465162,-7.8883504868,-2.5539736748,784.7377319336,36.5606460571,0,0.1405984461,0.9159575105,6804.8510742188,0,0,589.8314208984,-9377336,5170751.5
73.49600443555644,-12.2487516403,-4.7561740875,789.7360229492,36.8245773315,0,0.1405984461,0.9159575105,6804.8510742188,0,0,589.8314208984,-9377337,5170756.5
62.855754158716664,-9.424118042,-8.2528352737,794.734375,37.1314888,0,0.1405984461,0.9159575105,6804.8510742188,0,0,589.8314208984,-9377338,5170761.5
54.40360103895917,-2.9342749119,-12.7278060913,799.7327270508,37.4560317993,0,0.1405984461,0.9159575105,6804.8510742188,0,0,589.8314208984,-9377339,5170766.5
56.48484250732599,0.8906763196,-24.6610240936,804.7310180664,37.7745933533,144.4540405273,0.1405984461,0.9151203632,6798.6318359375,0,0,551.8620605469,-9377338,5170771.5
56.48484250732599,2.3923196793,-14.6792373657,809.7293701172,38.0790252686,144.963760376,0.1406229287,0.9143322706,6792.7768554688,0,0,551.7414550781,-9377335,5170775
61.72858526053178,4.6635532379,4.3669490814,814.727722168,38.3600654602,144.9954376221,0.1406459808,0.9135878682,6787.24609375,0,0,551.7269287109,-9377331,5170778.5
66.32438923168861,4.9904885292,17.0648918152,819.7260131836,38.621295929,144.9992675781,0.1406677663,0.91284132,6781.7001953125,0,0,551.7188720703,-9377327,5170782
71.43891913686468,3.7522673607,17.7431468964,824.7243652344,38.8699531555,145.001373291,0.1406896114,0.9120910764,6776.1264648438,0,0,551.7112426758,-9377325,5170786
73.28837673321861,1.8124415874,17.3911571503,829.72265625,39.1132125854,145.0033874512,0.1407115608,0.9113539457,6770.6499023438,0,0,551.7036132812,-9377323,5170791
74.65350930779255,0.782537818,19.4752197266,834.7210083008,39.3542366028,145.0054016113,0.1407331228,0.9106330276,6765.2944335938,0,0,551.6960449219,-9377322,5170796
74.65889947080042,2.0526103973,11.102938652,839.7193603516,39.5897712708,145.0073852539,0.140754208,0.9099414945,6760.1567382812,0,0,551.688659668,-9377323,5170801
78.13452458942031,5.9525880814,-4.3108167648,844.7176513672,39.8112449646,145.0093231201,0.1407744437,0.9092982411,6755.3774414062,0,0,551.6815795898,-9377324,5170805.5
84.35842555529955,7.4706349373,-17.5545158386,849.716003418,40.0180358887,145.0111846924,0.1407932639,0.908691287,6750.8686523438,0,0,551.674987793,-9377325,5170810.5
89.6701873582501,3.5675487518,-19.8129043579,854.7143554688,40.2187042236,145.0129241943,0.1408110261,0.9080998898,6746.4750976562,0,0,551.668762207,-9377325,5170815.5
89.6701873582501,0.6803444624,-13.5818834305,859.7126464844,40.4182853699,145.0145568848,0.1408283263,0.9075142741,6742.1240234375,0,0,551.6627197266,-9377324,5170820.5
90.64782558337953,1.3606889248,-7.8545360565,864.7109985352,40.615737915,145.0161437988,0.1408454627,0.9069342613,6737.8149414062,0,0,551.6567382812,-9377323,5170825.5
91.61503367221306,4.0070438385,-3.3209993839,869.7092895508,40.807346344,144.5764465332,0.1408624202,0.9063559771,6733.5190429688,0,0,551.7482299805,-9377322,5170830
96.20449991000007,3.3470237255,-0.1217781156,874.7076416016,40.9943580627,144.9936676025,0.1408793479,0.9057760835,6729.2104492188,0,0,551.6505737305,-9377320,5170835
96.23186957822433,0.0203243811,2.0567603111,879.7059936523,41.1813430786,145.0193481445,0.1408963054,0.9051960707,6724.9013671875,0,0,551.6392822266,-9377318,5170839.5
96.23186957822433,0,3.3510711193,884.704284668,41.3683280945,145.0222930908,0.1409132779,0.9046159983,6720.5922851562,0,0,551.6330566406,-9377317,5170844.5
96.23186957822433,0,3.8290035725,889.7026367188,41.5553131104,145.02394104,0.1409302503,0.9040359855,6716.283203125,0,0,551.6271362305,-9377316,5170849
96.23186957822433,0,3.5802638531,894.7009887695,41.7423019409,145.0254974365,0.1409472227,0.9034559727,6711.9741210938,0,0,551.6212158203,-9377314,5170854
96.23186957822433,0,2.7529201508,899.6992797852,41.9292869568,145.027053833,0.1409637332,0.9028759599,6707.6650390625,0,0,551.6152954102,-9377313,5170859
96.23186957822433,0,1.5325945616,904.6976318359,42.1162719727,145.0286102295,0.140968442,0.9022958875,6703.3559570312,0,0,551.609375,-9377312,5170864
96.23186957822433,0,0.0971153751,909.6959838867,42.3032569885,145.030166626,0.1409731656,0.9017158747,6699.0463867188,0,0,551.6034545898,-9377311,5170868.5
96.23186957822433,0,-1.4087398052,914.6942749023,42.4902420044,145.0317230225,0.1409778744,0.9011358023,6694.7373046875,0,0,551.5975341797,-9377310,5170873.5
96.23186957822433,0,-2.8629181385,919.6926269531,42.6772270203,145.0332794189,0.1409825981,0.9005557895,6690.4282226562,0,0,551.5916137695,-9377309,5170878.5
96.23186957822433,0,-4.126955986,924.6909179688,42.8642120361,145.0348510742,0.1409873068,0.8999757767,6686.1186523438,0,0,551.5856323242,-9377308,5170883.5
96.23186957822433,0,-4.9759397507,929.6892700195,43.0512008667,145.0364074707,0.1409920305,0.8993957043,6681.8095703125,0,0,551.5797119141,-9377307,5170888
96.23186957822433,0,-5.0565180779,934.6876220703,43.2381858826,145.0379638672,0.1409967393,0.8988156915,6677.5004882812,0,0,551.5737915039,-9377306,5170893
96.23186957822433,0,-3.9489293098,939.6859130859,43.4251708984,145.0395202637,0.1410014629,0.8982356191,6673.1909179688,0,0,551.5678710938,-9377304,5170898
96.23186957822433,0,-1.3819172382,944.6842651367,43.6121559143,145.0410766602,0.1410061866,0.8976556063,6668.8818359375,0,0,551.5619506836,-9377302,5170902.5
96.23186957822433,0,2.2331135273,949.6826171875,43.7991409302,145.0426330566,0.1410108954,0.8970755339,6664.5727539062,0,0,551.5560302734,-9377301,5170907
96.23186957822433,0,5.3711395264,954.6809082031,43.986125946,145.0441894531,0.141015619,0.8964955211,6660.2631835938,0,0,551.5501098633,-9377299,5170912
96.23186957822433,0,5.7383098602,959.6792602539,44.1731109619,145.0457458496,0.1410203278,0.8959154487,6655.9541015625,0,0,551.5441894531,-9377297,5170916.5
96.23186957822433,-0.3941999972,0.8770341277,964.6775512695,44.3606185913,0,0.1410250515,0.8959154487,6655.9541015625,0,0,589.6386108398,-9377296,5170921.5
95.69968540309168,-4.3927946091,-9.7298936844,969.6759033203,44.5542831421,0,0.1410250515,0.8959154487,6655.9541015625,0,0,589.6386108398,-9377295,5170926.5
90.12403907616873,-10.750043869,-16.1962757111,974.6742553711,44.7660331726,0,0.1410250515,0.8959154487,6655.9541015625,0,0,589.6386108398,-9377293,5170931
79.83078482925212,-12.4628458023,-6.3765201569,979.6725463867,45.0063056946,0,0.1410250515,0.8959154487,6655.9541015625,0,0,589.6386108398,-9377291,5170935.5
69.95038959636832,-1.0129575729,9.3171186447,984.6708984375,45.2492675781,0,0.1410250515,0.8959154487,6655.9541015625,0,0,589.6386108398,-9377288,5170939.5
78.16957781465774,4.7015514374,21.8054141998,989.6692504883,45.4794540405,144.5069122314,0.1410250515,0.895203948,6650.66796875,0,0,551.6575317383,-9377286,5170944
78.17474138484688,-5.2932543755,9.6203222275,994.6675415039,45.7242431641,0,0.1410308331,0.895203948,6650.66796875,0,0,589.6317749023,-9377286,5170949
68.83990617075506,-0.5020905137,-10.0180130005,999.6658935547,45.9704360962,0,0.1410308331,0.895203948,6650.66796875,0,0,589.6317749023,-9377286,5170954
77.33816749958599,0.2555921078,-22.0519981384,1004.6641845703,46.2158241272,144.5087890625,0.1410308331,0.8944453597,6645.0327148438,0,0,551.6502685547,-9377285,5170959
69.31925988271209,-9.2101402283,-6.1856303215,1009.6625366211,46.4942054749,0,0.1410370022,0.8944453597,6645.0327148438,0,0,589.6245117188,-9377282,5170963.5
59.95602503329996,-4.1755337715,11.2194480896,1014.6608886719,46.7916908264,0,0.1410370022,0.8944453597,6645.0327148438,0,0,589.6245117188,-9377280,5170967.5
61.01823045165563,0.4989955127,23.75141716,1019.6591796875,47.0865707397,144.5107879639,0.1410370022,0.8936637044,6639.2255859375,0,0,551.642578125,-9377278,5170972
61.02476044539164,3.7237849236,6.0717396736,1024.6574707031,47.3644828796,145.0214385986,0.141043365,0.8928643465,6633.2866210938,0,0,551.5223388672,-9377278,5170977
68.4697427402458,5.4033727646,-14.4159994125,1029.6558837891,47.6214408875,145.0530548096,0.1410498619,0.8920971155,6627.5869140625,0,0,551.5076293945,-9377279,5170982
71.58285365291708,1.6826616526,-21.9557304382,1034.6541748047,47.8728141785,145.0569152832,0.1410560906,0.8913725615,6622.2036132812,0,0,551.4993896484,-9377278,5170987
71.58285365291708,2.0630598068,-8.3643789291,1039.6524658203,48.1179504395,145.0590820312,0.1410619915,0.8906779885,6617.0434570312,0,0,551.4919433594,-9377276,5170991.5
75.224138734169,5.9872031212,3.7488079071,1044.6508789062,48.347278595,145.061050415,0.141067639,0.8900324702,6612.248046875,0,0,551.4848632812,-9377274,5170996
81.70353342273324,4.9406404495,5.6880393028,1049.6491699219,48.5653839111,145.0629119873,0.1410728842,0.8893983364,6607.537109375,0,0,551.4782104492,-9377271,5171000.5
83.29979069040745,-3.4870188236,2.2923817635,1054.6474609375,48.7913360596,0,0.14107804,0.8893983364,6607.537109375,0,0,589.5759277344,-9377270,5171005
75.97325465119627,-9.8410930634,4.5413637161,1059.6458740234,49.0443763733,0,0.14107804,0.8893983364,6607.537109375,0,0,589.5759277344,-9377268,5171009.5
66.24877588901929,-6.9982848167,10.1291227341,1064.6441650391,49.3229942322,0,0.14107804,0.8893983364,6607.537109375,0,0,589.5759277344,-9377266,5171014.5
62.917318745905,-0.6296290159,15.5683040619,1069.6424560547,49.6043205261,0,0.14107804,0.8893983364,6607.537109375,0,0,589.5759277344,-9377265,5171019
65.00580431855653,1.0341478586,21.1476802826,1074.6408691406,49.881111145,144.5241088867,0.14107804,0.8886057138,6601.6484375,0,0,551.5910644531,-9377265,5171024
65.01192232502213,2.3422513008,14.649977684,1079.6391601562,50.1486206055,145.0349884033,0.1410844922,0.8878540993,6596.064453125,0,0,551.4706420898,-9377267,5171029
69.51735695339443,3.1937203407,5.2840156555,1084.6374511719,50.4045639038,145.0666503906,0.1410906017,0.8871176243,6590.5932617188,0,0,551.4564208984,-9377270,5171033
71.09208103521517,-2.0890717506,-7.1229162216,1089.6358642578,50.6680183411,0,0.1410965919,0.8871176243,6590.5932617188,0,0,589.5540161133,-9377273,5171037
65.50844902764076,-4.0475754738,-13.3616771698,1094.6341552734,50.9474372864,0,0.1410965919,0.8871176243,6590.5932617188,0,0,589.5540161133,-9377276,5171041
63.28748217641426,-2.1698579788,-16.0129890442,1099.6324462891,51.2368354797,0,0.1410965919,0.8871176243,6590.5932617188,0,0,589.5540161133,-9377277,5171046
61.066508458913226,-1.239839077,-15.9133253098,1104.630859375,51.5323944092,0,0.1410965919,0.8871176243,6590.5932617188,0,0,589.5540161133,-9377278,5171051
60.69634502804397,0.427734524,-16.815164566,1109.6291503906,51.8257789612,144.5301361084,0.1410965919,0.8862224817,6583.9428710938,0,0,551.5678100586,-9377277,5171055.5
61.96733171273463,0.6016815901,-18.5650672913,1114.6274414062,52.1161575317,145.0411071777,0.1411038637,0.8853445649,6577.4204101562,0,0,551.4464111328,-9377274,5171060
61.96733171273463,2.6277287006,-13.8680372238,1119.6257324219,52.394695282,145.0730285645,0.1411110014,0.884530127,6571.3696289062,0,0,551.4309082031,-9377271,5171063.5
67.23711204271036,4.7783088684,-5.3971529007,1124.6241455078,52.6545372009,145.0771026611,0.1411176324,0.8837617636,6565.6616210938,0,0,551.4221801758,-9377266,5171066
71.26059057448754,-0.3193448782,8.5747032166,1129.6224365234,52.9155502319,0,0.141123876,0.8837617636,6565.6616210938,0,0,589.5217285156,-9377262,5171068
66.61893245325403,-1.3088482618,15.0819664001,1134.6207275391,53.181224823,0,0.141123876,0.8837617636,6565.6616210938,0,0,589.5217285156,-9377257,5171070.5
68.83990617075506,1.1641386747,18.3567180634,1139.619140625,53.4426002502,144.5389862061,0.141123876,0.8829538822,6559.6596679688,0,0,551.5335693359,-9377254,5171074
68.84566712194629,0.5371027589,17.3681735992,1144.6174316406,53.7020874023,145.0501098633,0.1411304474,0.8821547031,6553.72265625,0,0,551.4129638672,-9377252,5171078.5
69.84341717810625,3.3787615299,15.0580091476,1149.6157226562,53.9506607056,145.0818328857,0.1411369443,0.8814086914,6548.1801757812,0,0,551.3982543945,-9377250,5171083.5
74.93468355197315,7.1193313599,9.4927787781,1154.6141357422,54.1799888611,145.0856933594,0.1411430091,0.8807277679,6543.1215820312,0,0,551.3902587891,-9377250,5171088.5
81.9927688783849,8.1013679504,-2.7271244526,1159.6124267578,54.3919029236,145.0878143311,0.1411485523,0.8800922036,6538.3999023438,0,0,551.3832397461,-9377250,5171093.5
87.83152382046093,7.3521742821,-11.8636827469,1164.6107177734,54.5910415649,145.0896606445,0.141153723,0.8794913292,6533.935546875,0,0,551.3767089844,-9377250,5171098.5
92.88626068227144,5.5776343346,-8.4658536911,1169.6091308594,54.7818641663,145.0913696289,0.1411586106,0.8789082766,6529.6040039062,0,0,551.3705444336,-9377250,5171103.5
95.70587207410233,-0.0290306769,4.7623729706,1174.607421875,54.9727287292,0,0.1411633492,0.8789082766,6529.6040039062,0,0,589.4750366211,-9377249,5171108
92.84576236275011,-8.8024015427,12.9509687424,1179.6057128906,55.1774597168,0,0.1411633492,0.8789082766,6529.6040039062,0,0,589.4750366211,-9377248,5171113
82.93851931218455,-13.4059925079,7.546225071,1184.6041259766,55.4101219177,0,0.1411633492,0.8789082766,6529.6040039062,0,0,589.4750366211,-9377248,5171118
71.74028760916991,-11.2700204849,-3.4885044098,1189.6024169922,55.6773757935,0,0.1411633492,0.8789082766,6529.6040039062,0,0,589.4750366211,-9377248,5171123
62.917318745905,-4.2038769722,-11.9461832047,1194.6007080078,55.961605072,0,0.1411633492,0.8789082766,6529.6040039062,0,0,589.4750366211,-9377248,5171128
63.69764267580585,0.3813036978,-23.0400485992,1199.5989990234,56.2440986633,144.5518035889,0.1411633492,0.8781414032,6523.9067382812,0,0,551.4840087891,-9377248,5171133
63.69764267580585,-1.785571456,-15.584733963,1204.5974121094,56.5351371765,0,0.1411695778,0.8781414032,6523.9067382812,0,0,589.4676513672,-9377245,5171137.5
59.95602503329996,3.875341177,3.3196690083,1209.595703125,56.8096427917,144.5538330078,0.1411695778,0.8772929311,6517.603515625,0,0,551.4761962891,-9377242,5171141
71.14450637775488,4.7016553879,23.7316322327,1214.5939941406,57.0657463074,145.0651855469,0.1411764771,0.8764986396,6511.7021484375,0,0,551.3551635742,-9377239,5171145
69.37568149889479,-6.5042076111,16.6145515442,1219.5924072266,57.3480491638,0,0.1411829442,0.8764986396,6511.7021484375,0,0,589.4518432617,-9377237,5171149.5
58.1052147463082,-5.3952074051,-7.1195664406,1224.5906982422,57.6568412781,0,0.1411829442,0.8764986396,6511.7021484375,0,0,589.4518432617,-9377237,5171154.5
58.43814142084686,0.1497426778,-24.2222042084,1229.5889892578,57.964756012,144.5581665039,0.1411829442,0.8757033348,6505.7934570312,0,0,551.4594116211,-9377237,5171159.5
58.43814142084686,1.563287735,-10.8982753754,1234.5874023438,58.2640457153,145.0695953369,0.1411894113,0.8748560548,6499.4990234375,0,0,551.3388671875,-9377234,5171163.5
61.80683532029173,0.0168011431,7.3564901352,1239.5856933594,58.5632400513,145.1013183594,0.1411962956,0.8739278316,6492.6030273438,0,0,551.3237304688,-9377230,5171167
58.47537817681745,-0.3874251842,15.1744012833,1244.583984375,58.8644866943,0,0.1412038505,0.8739278316,6492.6030273438,0,0,589.4271240234,-9377227,5171171
60.989322699061844,1.16211164,21.647359848,1249.5823974609,59.1595039368,144.564956665,0.1412038505,0.8730913401,6486.388671875,0,0,551.4332275391,-9377226,5171176
60.99580462743629,2.400519371,14.6752328873,1254.5806884766,59.4431266785,145.0765075684,0.1412106454,0.8723039031,6480.5385742188,0,0,551.3122558594,-9377226,5171181
65.89160378071698,2.0167930126,4.7875013351,1259.5789794922,59.7177772522,145.1083374023,0.1412170529,0.8715086579,6474.6303710938,0,0,551.2976074219,-9377228,5171185.5
65.13881431358854,-4.5429797173,-6.6631631851,1264.5773925781,60.0142364502,0,0.14122352,0.8715086579,6474.6303710938,0,0,589.4038085938,-9377230,5171190.5
56.25440789263368,-2.672927618,-12.1086206436,1269.5756835938,60.3249053955,0,0.14122352,0.8715086579,6474.6303710938,0,0,589.4038085938,-9377231,5171195.5
59.58586160243071,1.4893759489,-18.7469348907,1274.5739746094,60.6268882751,144.5713500977,0.14122352,0.8705752492,6467.6958007812,0,0,551.4085083008,-9377231,5171200.5
59.58586160243071,0.6305919886,-16.7904758453,1279.5723876953,60.9254760742,145.0829925537,0.1412311047,0.8696591854,6460.8901367188,0,0,551.2866210938,-9377229,5171205
60.941525343619716,-3.1933877468,-7.7243757248,1284.5706787109,61.2436027527,0,0.1412385553,0.8696591854,6460.8901367188,0,0,589.3860473633,-9377225,5171208.5
52.18263075441539,-2.439306736,6.2839546204,1289.5689697266,61.5777626038,0,0.1412385553,0.8696591854,6460.8901367188,0,0,589.3860473633,-9377222,5171211.5
55.51408446457243,1.3876738548,18.6028232574,1294.5672607422,61.9018783569,144.5762329102,0.1412385553,0.8686573505,6453.447265625,0,0,551.3896484375,-9377218,5171215.5
55.5210882431294,0.0825711563,16.7252807617,1299.5656738281,62.2254295349,145.0879669189,0.1412467062,0.8676553965,6446.00390625,0,0,551.2670288086,-9377217,5171220
55.70645148283881,-2.8257267475,1.2259551287,1304.5639648438,62.5708427429,0,0.1412548572,0.8676553965,6446.00390625,0,0,589.3667602539,-9377218,5171225
48.4810136137491,-1.6538494825,-12.5709266663,1309.5622558594,62.9300117493,0,0.1412548572,0.8676553965,6446.00390625,0,0,589.3667602539,-9377219,5171230
51.71726056707154,1.2514476776,-26.217830658,1314.5606689453,63.2779426575,144.58152771,0.1412548572,0.8667214513,6439.0654296875,0,0,551.3692016602,-9377218,5171234.5
51.71726056707154,-2.1951572895,-7.770673275,1319.5589599609,63.6466445923,0,0.1412624419,0.8667214513,6439.0654296875,0,0,589.3577880859,-9377214,5171238
45.88988333201333,-2.1951572895,8.291305542,1324.5572509766,64.0387573242,0,0.1412624419,0.8667214513,6439.0654296875,0,0,589.3577880859,-9377210,5171241
45.88988333201333,0.5751576424,16.1567783356,1329.5556640625,64.4241638184,144.5839996338,0.1412624419,0.8655495048,6430.3588867188,0,0,551.3596801758,-9377207,5171245
47.485914007228786,0.5781338811,18.5157375336,1334.5539550781,64.803062439,145.0958557129,0.1412719786,0.8644112945,6421.90234375,0,0,551.2354125977,-9377207,5171250
47.49403358365313,2.3966803551,13.62084198,1339.5522460938,65.1589508057,145.1285552979,0.1412812322,0.8633908033,6414.3212890625,0,0,551.2172241211,-9377209,5171254.5
53.6276338709329,7.5979981422,11.9587459564,1344.5506591797,65.4623336792,145.1333465576,0.1412895322,0.8625436425,6408.02734375,0,0,551.2063598633,-9377212,5171258
64.99556644226683,10.304567337,5.2614574432,1349.5489501953,65.720375061,145.1361999512,0.1412964165,0.861802876,6402.5239257812,0,0,551.1975708008,-9377217,5171260.5
74.471273735861,6.8868041039,0.054892689,1354.5472412109,65.9571533203,145.1385192871,0.1413024515,0.861091435,6397.23828125,0,0,551.1899414062,-9377221,5171263
77.51699044596764,-4.4517030716,3.5425617695,1359.5456542969,66.2074279785,0,0.1413082331,0.861091435,6397.23828125,0,0,589.3035888672,-9377225,5171265.5
66.27576103579116,-10.3257932663,4.8999567032,1364.5439453125,66.4976272583,0,0.1413082331,0.861091435,6397.23828125,0,0,589.3035888672,-9377229,5171268